7.464569969550412054e+01,2.504469407561429328e-01,-2.843692819688570239e-01
7.310615740283054720e+01,2.693808670643074166e-01,2.781328055068144067e-05
7.296262805416064623e+01,2.514297889167749767e-01,1.339199905460493056e-01
7.359865139730042927e+01,2.492549203015106962e-01,-7.460398272827228894e-02
7.401936520015937049e+01,2.911610089503242627e-01,-2.963784408090992528e-01
7.278799549198367913e+01,1.718867040026659798e-01,6.441124010854855086e-01
7.387994725247895644e+01,2.828465968227867888e-01,-3.091193449133826654e-01
7.347826901074461148e+01,1.757055672713245531e-01,6.066734699752522886e-01
7.254199030102351742e+01,1.958618425781510353e-01,5.937591315141927950e-01
7.441082562661659949e+01,2.212221077928269997e-01,1.227661595479405676e-01
7.427723007139266542e+01,2.368752014531615435e-01,1.098303131843252345e-01
7.361351807821425552e+01,2.874158255319667621e-01,-1.972690570284165723e-01
7.450020132259166417e+01,2.646057530571031546e-01,-2.115854296238048882e-01
7.455960773128890651e+01,2.603293497737456663e-01,-2.961998777359431401e-01
7.363737094380131509e+01,2.360691072536872104e-01,3.237540972255548155e-01
7.272450719087989057e+01,2.537037962476034192e-01,3.112664700501488468e-01
7.303430238113887185e+01,2.276130521732037948e-01,2.426740415615551427e-01
7.439084481468240995e+01,2.704868097250148762e-01,-3.279370039049780416e-01
7.306966189927037192e+01,2.426552375673672324e-01,1.546937693013701320e-01
7.386853340064169515e+01,2.559856288427533322e-01,1.210200639607563744e-01
7.280679033544640788e+01,2.543413356331505892e-01,2.421585660831881981e-01
7.335127848901680636e+01,2.178864737754232228e-01,4.874888911534132063e-01
7.338516783033799129e+01,1.805653599031323275e-01,6.047986323003105014e-01
7.287188858003975156e+01,1.762891282405416593e-01,6.221212391998314217e-01
7.285162031776987135e+01,2.590319434765707696e-01,2.804566585183891902e-01
7.382622946692183064e+01,2.823549150988119982e-01,-2.378722709393343848e-01
7.396413904154532304e+01,2.005166662435931557e-01,2.142657658643196683e-01
7.263416306000158329e+01,1.914975526174297893e-01,6.178296855126887976e-01
7.418989909900889756e+01,2.056499343148806558e-01,2.367370696952617593e-01
7.376378464093613729e+01,2.075836134635527241e-01,1.859353587474652514e-01
7.278389504853554115e+01,2.081740864436856520e-01,4.520648753316400814e-01
7.270663378002167576e+01,2.228388528451412109e-01,4.119175856370080879e-01
7.267751982826972323e+01,2.188929115271614489e-01,5.781345097654559950e-01
7.376090464279130288e+01,2.271298182097175877e-01,5.050418574353532364e-02
7.330514214918201787e+01,1.822336186552721282e-01,4.730019767706954426e-01
7.335064119590217047e+01,1.832317723298710899e-01,4.557225115824241612e-01
7.320019906101228457e+01,2.603118399760754320e-01,2.426590264728885060e-01
7.447515404284233398e+01,2.474424325495965249e-01,-1.028554104181762519e-01
7.445976739707067793e+01,2.396417685274132570e-01,-4.577476672833347138e-02
7.365659056086956014e+01,2.532746287607328117e-01,1.909625638037200090e-01
7.439693317574540288e+01,2.358987154856174717e-01,-9.627969923472567970e-02
7.276858366202445438e+01,2.425565762111230317e-01,4.154013336493589392e-01
7.384101453771094725e+01,2.791021989589487773e-01,-1.209791084123428284e-01
7.275106902201078185e+01,2.302576174392178820e-01,5.039973180173777934e-01
7.366055283954055710e+01,2.202879092940228933e-01,3.845376812937892907e-01
7.379405564604098799e+01,1.953701212129427267e-01,2.890283918245879491e-01
7.393883573786033025e+01,2.536912626295294015e-01,-1.524133518572421409e-01
7.385543384860309857e+01,2.738560697854876547e-01,-2.198005764756718605e-01
7.320795678628022074e+01,1.865314955817669595e-01,6.213737846262237241e-01
7.389364992079026706e+01,2.053581860008097393e-01,3.651975239780780313e-01
7.410293399687267879e+01,2.692633833972156165e-01,-1.099595275394951166e-01
7.354669305864238993e+01,1.902472874357010457e-01,5.204519552841135877e-01
7.293630852509667761e+01,1.883152508114159240e-01,6.627556898473461189e-01
7.443654845787673935e+01,2.413023161835800012e-01,-1.154769797048791347e-01
7.404380489490684170e+01,2.105802813722759681e-01,2.854895004611170961e-01
7.350659830459572674e+01,2.544144042407417428e-01,2.130864260181848380e-01
7.267803775817559142e+01,2.259662885124913423e-01,4.496844457839355158e-01
7.428187279413094757e+01,2.455273357312423299e-01,-1.465359109916226643e-01
7.344348512811799878e+01,1.791448064462944079e-01,5.275650643999885148e-01
7.413708666904254585e+01,2.099887393682102754e-01,1.570431748527711946e-01
7.411520588997638015e+01,2.674102327035868254e-01,-1.100413737097643008e-01
7.363696713551952655e+01,2.571623804971295835e-01,1.538913150346061798e-01
7.441243912585692044e+01,2.446231381599562604e-01,-1.137115115761369033e-01
7.283884366066446603e+01,2.200998307835566048e-01,3.878053396039051748e-01
7.281209114413059069e+01,2.427373238880157769e-01,3.859063250618133267e-01
7.268695801669839796e+01,2.273699181401290514e-01,4.719324854647330980e-01
7.440457105887628586e+01,2.421126702442360501e-01,-8.639177911964024403e-02
7.338794438611554938e+01,2.366468610800852856e-01,3.570267269185833925e-01
7.299791109606326245e+01,2.036053740003848644e-01,5.948207246588603780e-01
7.307257523823406586e+01,2.078392455234588376e-01,5.657651233868605800e-01
7.361829044092385743e+01,1.968796239073676568e-01,4.712779378726992263e-01
7.305726730602211205e+01,1.824407136835063670e-01,5.598223211196655669e-01
7.297148893942771508e+01,1.812895866886023721e-01,6.439031816356575177e-01
7.333113221690508965e+01,2.622204025814597328e-01,1.771916666539077312e-01
7.358032954952471982e+01,2.738715252645562148e-01,-9.640415609414532128e-03
7.424715617426544156e+01,2.358685530365869365e-01,7.239166594692836298e-02
7.268539008879426433e+01,2.221665809194194319e-01,5.083140505023795441e-01
7.407099778224349507e+01,2.054624295126246947e-01,2.444627733316240281e-01
7.434580416904148592e+01,2.467764136671977138e-01,-5.680535276925580135e-02
7.346866386713372776e+01,1.978775266388115850e-01,5.108895834127746838e-01
7.425068996285079947e+01,2.322200080899130825e-01,-3.598740810595213446e-02
7.283523062719105212e+01,2.201058438453903088e-01,3.960829217242896050e-01
7.413036763611590629e+01,2.182057008958255551e-01,8.503932741111341898e-02
7.387535933679720301e+01,2.280668802434976106e-01,4.054793489700081466e-02
7.290066934634124607e+01,2.440383762339649043e-01,2.695796282497378016e-01
7.405298316801457759e+01,2.603584592829067956e-01,-1.877452847385039369e-01
7.279359994706824466e+01,1.917324044519831405e-01,5.941961466735703468e-01
7.362934514145432274e+01,1.865070896661884248e-01,4.468105979332408495e-01
7.302340750628792421e+01,2.202179321391884992e-01,5.135698010009690506e-01
7.374302273075213066e+01,2.094528982898460623e-01,3.879195194469691188e-01
7.308994558998109881e+01,2.613404831722220822e-01,1.589318003212083497e-01
7.290588020152797810e+01,1.981701674706400906e-01,6.189237648533438829e-01
7.353762633143101368e+01,2.711865163951710511e-01,-7.505819114212153309e-02
7.393842463278144805e+01,2.022337157592241086e-01,2.488732435551801458e-01
7.290030053859919690e+01,2.438194511379971341e-01,3.702275555443401700e-01
7.318431515887584737e+01,2.011602509931991190e-01,3.887894480904758865e-01
7.342835760526845945e+01,2.717107807041228562e-01,-1.586575557644032131e-02
7.432579894682444888e+01,2.350824604111163285e-01,-3.736107493538343149e-02
7.296570486817711298e+01,1.945987099968155831e-01,6.203506321743192942e-01
7.416729038646070649e+01,2.165225703772649668e-01,1.154794528703950718e-01
7.369329011465873691e+01,2.621328072536049381e-01,8.207532828035191130e-02
7.331687430306298836e+01,2.215225041842626974e-01,4.485928691505431942e-01
7.334948902179030483e+01,2.538957771821616638e-01,2.375614964790564443e-01
7.394678965484904154e+01,2.527683759399622643e-01,7.694294042675853262e-02
7.368316675898942947e+01,2.647728686202159287e-01,-1.093398069530073791e-01
7.290994854975014050e+01,2.196929843616414468e-01,3.730868268786080577e-01
7.273894792898663297e+01,2.019190815493611402e-01,5.649935264311292116e-01
7.390873555638020775e+01,2.083985456317631324e-01,3.256143752136031466e-01
7.388268263105489098e+01,2.065932584689330886e-01,2.112706670633830441e-01
7.324301515383537264e+01,2.202963826494951372e-01,2.535501688909143070e-01
7.314470550578298003e+01,2.513996017616412781e-01,2.894400583877754229e-01
7.406235348208497271e+01,2.079274444910368669e-01,2.240355092684351845e-01
7.365019222090610640e+01,2.609104867900088331e-01,1.027827834755310477e-01
7.367167393717041080e+01,2.687902064907344291e-01,-1.114615519309931635e-01
7.350698602090604084e+01,2.242058232727385247e-01,1.560849330782785316e-01
7.289386024337369463e+01,2.140379696760024986e-01,4.127760193995149152e-01
7.356442572135495084e+01,1.868322317355862461e-01,4.571572446936134071e-01
7.347557558885814899e+01,1.977390574732902362e-01,3.477232512424102140e-01
7.416206435110377981e+01,2.620167703919330515e-01,-1.897991756107604289e-01
7.323143676635565669e+01,2.606642009901536383e-01,1.881302889635385611e-01
7.328724702050647011e+01,1.871571887348552621e-01,4.765151948889885247e-01
7.348935234157686125e+01,1.858081947140285128e-01,4.986259392197673890e-01
7.345248743572685157e+01,2.393622041433928205e-01,3.140312901227959586e-01
7.389797373217815846e+01,1.998107285921046083e-01,3.243819153623483942e-01
7.290995629382375398e+01,1.949912265724184357e-01,6.175167279117310670e-01
7.279847358905119847e+01,2.129388904464288856e-01,5.580456295844653525e-01
7.414067391379661842e+01,2.616994149551153948e-01,-1.869490348235216537e-01
7.344183966577796241e+01,1.871070604608274790e-01,5.216395390726269454e-01
7.413727532891874716e+01,2.604818070061599711e-01,-7.922891861505210187e-02
7.374806544923754359e+01,2.475541535606065602e-01,1.773033573940967500e-01
7.286032452415200567e+01,1.952794410448234763e-01,6.159065193371988656e-01
7.404621875987369606e+01,2.567518369599566808e-01,-1.216873700785381374e-03
7.375648870619994568e+01,2.204525433444411431e-01,3.297821650371197677e-01
7.305908313874253679e+01,2.533068610863022374e-01,2.669536321924885769e-01
7.370230344063301686e+01,2.710888573348051445e-01,-1.104620075745637031e-01
7.383860981649016253e+01,2.722285903075941649e-01,-1.332600511228760887e-01
7.287347142643859854e+01,2.116759325494163846e-01,4.397266932748902235e-01
7.275197716489513766e+01,2.182626033506407659e-01,5.129115762374301113e-01
7.286825698410733310e+01,2.403480048539598790e-01,3.327306339547124736e-01
7.408864931456685099e+01,2.154733237147987424e-01,2.086738620408139511e-01
7.301359046920140372e+01,2.460015781044205818e-01,3.351000336779472732e-01
7.331655438020267468e+01,1.960169619164455201e-01,4.017504741404511748e-01
7.286583141805184027e+01,2.402657214310460199e-01,3.606587788244031145e-01
7.385225335399128710e+01,2.694631623134669529e-01,-1.443967361930607041e-01
7.375856107217128965e+01,2.717760005147812352e-01,-1.042548995153982361e-01
7.309302420931760480e+01,2.430023656801544030e-01,1.985988995265497437e-01
7.383289797413603139e+01,2.629763670197355907e-01,1.570240218695406753e-02
7.281146158120689904e+01,2.293441663663054186e-01,4.000248655719174096e-01
7.335856765107216404e+01,1.974635002933909922e-01,5.250175186247911796e-01
7.277990642078619032e+01,2.044926410737875344e-01,5.677112015100540532e-01
7.330273717200566352e+01,2.003819436453764258e-01,5.298289952756958243e-01
7.305169225172723202e+01,2.290828017609249090e-01,2.786261781291150541e-01
7.353807055334840470e+01,2.323400355201410139e-01,3.289922895709791462e-01
7.275924665550870429e+01,2.142672332906517541e-01,5.084668833744299121e-01
7.368184475639992570e+01,2.596731467171157770e-01,9.464879436658168999e-02
7.341649632533531644e+01,2.656935203706450310e-01,9.209956138290653627e-02
7.403816785782271381e+01,2.306412954996462927e-01,1.730941832554417914e-01
7.396491173696404076e+01,2.683010646353041762e-01,-1.122719529493290125e-01
7.327010396553900762e+01,2.041929050223274811e-01,3.568136332252924703e-01
7.381013679400504657e+01,1.978700106535615788e-01,3.394339690979872870e-01
7.428357446967308420e+01,2.408567224544012619e-01,-4.911930706883760323e-02
7.369041294926368835e+01,2.213737979783891030e-01,1.386348533301848818e-01
7.421525277499853246e+01,2.536510010589843045e-01,-1.392916132027544052e-01
7.394603105625493811e+01,2.320976217526441732e-01,1.630214016747100203e-02
7.400048896587296099e+01,2.398056157067953442e-01,-4.304877893825942436e-02
7.426009119502805333e+01,2.356470367929409671e-01,1.522072381403205554e-02
7.331589526098282761e+01,1.857223235746280898e-01,5.328252769955694745e-01
7.406551189757878717e+01,2.345586608869777712e-01,1.378572346075399579e-01
7.423796115179524691e+01,2.310611782873209230e-01,2.151537088666088948e-02
7.414730671631019732e+01,2.305014413357992231e-01,1.192127732906813620e-01
7.359078538064264308e+01,2.101337849422697246e-01,2.408321795492529560e-01
7.369118419569603873e+01,2.536995606077540599e-01,-5.117515434544639419e-02
7.393560835258652730e+01,2.615360938335973828e-01,-1.420991434962455280e-01
7.325995254745194529e+01,2.615926002783698356e-01,8.845358963817773201e-02
7.345369420806561322e+01,2.458382429198084085e-01,5.775774867175265115e-02
7.424655094183283666e+01,2.477338094453826467e-01,-5.141653065557383329e-02
7.402952721548710713e+01,2.342326527986182683e-01,1.535118346468875572e-01
7.315140871383513854e+01,2.557123221208699171e-01,2.240606450788265036e-01
7.339495414487473113e+01,2.042739066992219632e-01,4.908868627057643153e-01
7.391392186480393889e+01,2.050744559263407152e-01,2.999912508707174297e-01
7.365965065250330213e+01,2.504121587399751325e-01,-2.506411312907452782e-02
7.359710825456362215e+01,2.086744058444442718e-01,4.192126716600057534e-01
7.333566860771175300e+01,1.864750872010669525e-01,5.188155458193524083e-01
7.355772393283746169e+01,2.608592450486917347e-01,1.106503760265198366e-01
7.364906454916325629e+01,2.216101791721317438e-01,3.498632648036554826e-01
7.420792273791660421e+01,2.516516164178912995e-01,-6.059924330820543048e-02
7.357763021218246990e+01,2.546829989026971330e-01,-2.033165414496584944e-02
7.411708067607216321e+01,2.287006158525722033e-01,1.395574871720794974e-01
7.357151980189709661e+01,2.027224917783609637e-01,3.032490765631434826e-01
7.349702233522212680e+01,1.906581582821651466e-01,4.290885900191572233e-01
7.358725368529536581e+01,1.923514461069460446e-01,4.478292668034136170e-01
7.320145270510633395e+01,2.477414876214925621e-01,2.941821797604138311e-01
7.281780957581499081e+01,2.128510796080851919e-01,4.800039619494631538e-01
7.313894241409830954e+01,1.912738669207405262e-01,4.972763773117003794e-01
7.299132281207251083e+01,2.480179030532295714e-01,2.797030353455580709e-01
7.354751683163854636e+01,2.686855877959826722e-01,2.543159024792629452e-03
7.415067341376561671e+01,2.591524295371225861e-01,-1.262854606657564105e-01
7.288905688051644916e+01,2.272742588657789553e-01,4.601404428374316069e-01
7.330271166600782351e+01,1.872744031187162372e-01,5.314580345635793179e-01
7.418019769409686148e+01,2.263391896395327008e-01,6.514309955920527528e-02
7.420918115318265507e+01,2.497178285976592582e-01,-1.053268010940864308e-01
7.305137157283294869e+01,1.958253846587346136e-01,4.899724513183283392e-01
7.362510005309908934e+01,2.652520173128611880e-01,4.063678588541819181e-02
7.365784877511578088e+01,2.680368742110965652e-01,-8.698427544925557697e-03
7.344310378176103882e+01,2.459048520898475532e-01,2.594424959102044070e-01
7.366827279618011914e+01,2.291475446840242625e-01,9.799962759563118908e-02
7.282957718255096324e+01,2.042368357001009549e-01,5.482627418170515909e-01
7.384178953422124891e+01,2.531574866691755354e-01,-8.097987713962950806e-02
7.336485758364979404e+01,2.479620543026371526e-01,8.242741950684440155e-02
7.405417376664645701e+01,2.538250147027472092e-01,-6.151049420921594901e-05
7.327489162508861398e+01,2.156842851180281739e-01,2.871501832005840527e-01
7.294061304414191227e+01,2.212051421970643861e-01,3.752871503228449868e-01
7.335636578947166697e+01,1.946220725113531891e-01,4.172761183919169170e-01
7.331457895616988196e+01,1.909006017791091969e-01,5.339515907546070750e-01
7.389862574240831350e+01,2.651050241320168643e-01,-5.428264103608793079e-02
7.290537996881850802e+01,2.000982750853908532e-01,5.226876220497898018e-01
7.387079716823213005e+01,2.277300232924771295e-01,2.435068214362816619e-01
7.423212495758410512e+01,2.374952519428484010e-01,-1.024235297587772209e-03
7.301844201354283825e+01,1.920899365844958018e-01,5.808450146012491544e-01
7.393480786533817195e+01,2.142203657934697303e-01,1.656119359009782244e-01
7.302055316652403860e+01,2.184808686736549599e-01,3.568697620174310359e-01
7.406701640445729140e+01,2.501670825786338481e-01,-1.034978555858199201e-01
7.362622997494190713e+01,2.684914824456516858e-01,-3.171905120940143874e-02
7.419369052010611654e+01,2.452108184200882113e-01,-8.853981927678056252e-03
7.370359541027805506e+01,2.010790297237940172e-01,3.060315618678455252e-01
7.392691696258064837e+01,2.511384655617714401e-01,-8.654153896931138235e-02
7.360560740865776097e+01,2.147976213306581061e-01,2.104376339284774744e-01
7.338949178462860345e+01,1.905952110356201601e-01,4.541980002494545587e-01
7.302019462501687030e+01,1.933931329488120521e-01,5.797093160993815886e-01
7.392882279066149920e+01,2.319597307879352754e-01,2.975652180887067288e-02
7.298472813220645605e+01,2.205885034877495821e-01,3.610997449057311570e-01
7.328871119094125675e+01,2.615919148835715302e-01,1.179700525421969459e-01
7.347015658940799199e+01,1.904195661687371199e-01,4.712299189088611229e-01
7.325081658420855035e+01,2.577298770488792856e-01,1.079502330884478667e-01
7.288343631353195917e+01,2.298509146890719279e-01,3.749206499254826852e-01
7.315746041493011376e+01,2.422779087746394500e-01,1.888332537245371867e-01
7.352425831662144162e+01,2.370730778133793570e-01,9.006146378675250475e-02
7.319076509159164345e+01,2.377147147091099033e-01,1.954185910303278817e-01
7.386533879613298836e+01,2.334731372792982207e-01,3.149063808805241393e-02
7.393105314926623350e+01,2.075011885963959080e-01,2.563867011068499124e-01
7.392111524386389476e+01,2.501293262574444398e-01,8.128229541212306231e-02
7.327080658233849420e+01,2.593848841896775892e-01,1.020479533057958577e-01
7.364127054787182658e+01,2.031479921998584348e-01,2.965996856439092610e-01
7.417081629950659760e+01,2.334582953837943398e-01,7.150801077495483327e-02
7.384056185793460259e+01,2.104076203864148897e-01,3.200506233854305549e-01
7.421378741542716284e+01,2.383119371028148969e-01,-1.572342841471519037e-02
7.321399653230076865e+01,2.436503186959597111e-01,3.155767877353383710e-01
7.385434980299378083e+01,2.316320132558331857e-01,2.252473795166283210e-01
7.320170375083630177e+01,2.565205757972590650e-01,1.436831260712025937e-01
7.284750367643535185e+01,2.198938944709820098e-01,4.450388880302416084e-01
7.389771067817642347e+01,2.590966167163695766e-01,-1.095620613909611407e-01
7.367272516103059843e+01,2.149948465013994947e-01,3.637927771192508430e-01
7.307279304533149400e+01,2.272200602940170899e-01,4.414004431901110692e-01
7.338466284593215505e+01,2.280071358700812290e-01,1.845738172090509721e-01
7.368401554131779108e+01,1.992048434366486265e-01,3.351647842633580510e-01
7.296105255344753004e+01,2.045036171813867654e-01,5.562724359786646033e-01
7.323001543380512146e+01,2.031526858477157305e-01,5.226950861020815964e-01
7.342085180927978172e+01,2.629023803134549198e-01,9.364500205525683185e-02
7.391661453462836562e+01,2.127020884852281191e-01,1.883573153877380335e-01
7.375767916708738881e+01,2.112372827162725397e-01,3.477119738046008379e-01
7.419608996672887713e+01,2.363246708988043510e-01,2.545647959482089107e-03
7.383097231941825100e+01,2.644788258353870658e-01,-1.011913232750916158e-01
7.340348415893559775e+01,2.636138354616749946e-01,7.200323805900055163e-02
7.330753591347050246e+01,1.978092755934062752e-01,4.092824625586271026e-01
7.309634213882662834e+01,2.051220039023089747e-01,4.169160107526295178e-01
7.324440918905436604e+01,1.965375597940886010e-01,5.353180526440839415e-01
7.303378590700249617e+01,2.076166469358153854e-01,5.377650958570523443e-01
7.292354531790151384e+01,2.001669217344168861e-01,5.308078009245162932e-01
7.337563629878231097e+01,2.056461878826559009e-01,4.802122644645239191e-01
7.389843558961572967e+01,2.275194430078507635e-01,7.099389889594398539e-02
7.391388719162836196e+01,2.224779698182481613e-01,2.448146900391030556e-01
7.298146010822036089e+01,2.316986697195052014e-01,3.177964913276625225e-01
7.285763420434250293e+01,2.197461992882695780e-01,4.786951943198047843e-01
7.341286784018373623e+01,2.597584601277340699e-01,1.338068308385613747e-01
7.368021478842676686e+01,2.664900360029660020e-01,-2.116988332849434329e-02
7.414483711104502106e+01,2.499700171390630277e-01,-8.943751640609010067e-02
7.292943781901293221e+01,1.992630796622052725e-01,5.487167639135881458e-01
7.318058749639463656e+01,2.263212822519015122e-01,4.280531857991194400e-01
7.307248098965450822e+01,2.209023987859440041e-01,4.726459028885123814e-01
7.349203911023765556e+01,2.498232686606748909e-01,2.094990721229574859e-01
7.398943362582890870e+01,2.605163043181965010e-01,-5.825392677389507057e-02
7.377389055415856944e+01,2.453360265264002138e-01,1.630686597592863052e-01
7.408569388330883498e+01,2.371237094152742197e-01,9.325264368623198408e-02
7.315274339446874308e+01,1.946582395513178354e-01,4.825969571619728171e-01
7.339413944644238086e+01,2.238592493570515374e-01,3.966060536552680205e-01
7.324737990088033257e+01,2.286620774197020145e-01,2.273483415929167251e-01
7.381916511233588096e+01,2.298224827864198683e-01,2.428396576893581127e-01
7.319751681133445231e+01,1.926898549581270437e-01,5.425058437250074306e-01
7.399039236029543076e+01,2.322295277286992587e-01,2.806524159412937536e-02
7.362773986446289598e+01,2.639535024729695589e-01,-3.944033624967202556e-02
7.323739693802788508e+01,1.924702481815137312e-01,5.334740118880523241e-01
7.373499572383465761e+01,2.660123597160678477e-01,-5.066094928404174524e-02
7.349149525525427862e+01,2.005003013227962816e-01,3.519142618793509314e-01
7.304656113760358949e+01,2.323924859456397429e-01,2.871546804752611592e-01
7.415943465128330558e+01,2.376208302437815556e-01,-9.303496133552968672e-03
7.315650220983152963e+01,1.915569797006620445e-01,5.256505396776729455e-01
7.382676048794604640e+01,2.462599494747247653e-01,-3.037814993887488768e-02
7.353110344503939189e+01,2.412526814024023025e-01,2.598975753629160224e-01
7.365433633462595253e+01,2.015682744820594396e-01,4.007886853946427408e-01
7.359953802960144742e+01,2.509016422808214575e-01,1.709675456581658537e-01
7.373516371859987828e+01,2.010234768870632904e-01,3.558872234189998096e-01
7.289583852712422640e+01,2.279623245296237832e-01,4.192886058338247679e-01
7.381426162613678343e+01,2.557213683954779881e-01,6.244946354551839107e-02
7.364203493079203611e+01,2.043082682535813654e-01,4.005455663612069728e-01
7.310038846969898430e+01,2.116373861508615006e-01,3.792597307273100071e-01
7.308357205724601613e+01,2.048839187464965850e-01,5.347024862169238446e-01
7.386341688731143051e+01,2.179671302473226990e-01,1.538695018058442443e-01
7.399748375965414482e+01,2.603442560068001677e-01,-9.178244420591896713e-02
7.384711383658974171e+01,2.310879536359838615e-01,2.234310358752376047e-01
7.326165873077734148e+01,2.524935888950683993e-01,1.256033539217540351e-01
7.293385288363690222e+01,2.201072853163239529e-01,4.035852433640627623e-01
7.415466085168073107e+01,2.341365216927603632e-01,4.192616759817013872e-02
7.338571916599372003e+01,2.419266178141216417e-01,2.874162112431788429e-01
7.408779335111312037e+01,2.263789857047132925e-01,8.171850789926082825e-02
7.358019104679156897e+01,1.961843173276134888e-01,4.092486094104099692e-01
7.385619577108251121e+01,2.600920420719074477e-01,-1.030825189724193791e-03
7.308488545046493812e+01,2.270025580665347986e-01,2.994865026409456732e-01
7.346677542600528454e+01,2.232509234511941831e-01,3.783617835364854187e-01
7.353722476111853723e+01,2.388034841585719714e-01,2.718743646716834661e-01
7.322964273769663635e+01,2.376840265274447750e-01,1.919056026136072290e-01
7.409981461892121501e+01,2.382117412358868147e-01,-1.355953450439795205e-02
7.368867681186938512e+01,2.649978910840571356e-01,-2.955155883717841547e-02
7.369871000422571683e+01,2.432282320080396687e-01,1.920518040399343818e-02
7.411602395352429085e+01,2.299262762548960892e-01,5.717393725516295433e-02
7.321383577174711377e+01,2.535421074990307222e-01,2.061245772970163870e-01
7.401869547231122226e+01,2.220336633984707764e-01,1.158460858834891027e-01
7.402825914689935871e+01,2.264162635600465434e-01,7.667204639494951124e-02
7.399038404064015140e+01,2.596572220465492298e-01,-9.149259083355820721e-02
7.359412513568202030e+01,2.452989547761723066e-01,2.115926052984162808e-01
7.313021199011939188e+01,2.490272424581107258e-01,2.544944118328373861e-01
7.288600465112024551e+01,2.145656699678240020e-01,4.754587905378500068e-01
7.359535921035687522e+01,2.604567538018649486e-01,7.592084698177981039e-02
7.393617203209487343e+01,2.606754675513528463e-01,-9.018057161885240092e-02
7.335239014810073854e+01,2.192301537831088387e-01,4.237943145897231645e-01
7.326692281959303443e+01,2.011832466951063714e-01,4.034344978368817891e-01
7.395971656815581241e+01,2.139593813301317315e-01,2.105037744134561351e-01
7.310164659568604861e+01,2.264782551086948759e-01,2.978073903850848581e-01
7.326660201328783728e+01,2.507392337094657142e-01,2.345954322363397182e-01
7.291033991679181270e+01,2.261843521523146938e-01,4.050838199280546448e-01
7.375593002673639376e+01,2.300613559226637184e-01,8.688626912785668566e-02
7.414503900196731934e+01,2.353263105632525665e-01,3.550195101205755321e-02
7.351970090285931292e+01,2.498878777928555117e-01,1.946467710583172916e-01
7.392848182974513804e+01,2.259385063285411777e-01,2.141557677595722353e-01
7.405085476147404222e+01,2.349729665550242264e-01,1.124566612163171442e-01
7.338500321027619577e+01,2.103676310500531832e-01,3.055317279918634554e-01
7.406481537248423308e+01,2.367290562464105519e-01,3.775295905681375075e-04
7.387368732416882722e+01,2.099367092278194291e-01,2.394898650177310628e-01
7.318242669368753184e+01,2.087535378982284806e-01,3.746056599141303067e-01
7.388635435372600568e+01,2.591744021692886646e-01,-9.355050985654589368e-03
7.406789768848297228e+01,2.545361174208176092e-01,-7.664865076942461997e-02
7.393932461579090898e+01,2.384946648854931739e-01,7.958819328015565020e-04
7.329304835564175846e+01,1.928030242693298812e-01,4.934020793315072595e-01
7.380862360294200641e+01,2.121817142788780808e-01,2.141341177078173175e-01
7.350282312658261219e+01,2.013525642640421887e-01,4.464614446423658123e-01
7.371469035856131313e+01,2.621376305150769359e-01,-4.979251102410264807e-02
7.370504168132262635e+01,2.511637628035884862e-01,-1.858529886536386400e-02
7.377912934938875367e+01,2.364998737809326235e-01,2.115210636338913375e-01
7.315487517122168981e+01,2.275142603926311458e-01,4.168207811954118824e-01
7.314174888103752892e+01,2.497400213776897471e-01,2.136739241989387139e-01
7.363180540894410342e+01,2.021036376853111716e-01,3.277709724828721249e-01
7.335727180817133330e+01,2.295887578528515993e-01,1.938337571803989690e-01
7.391746969048614346e+01,2.157712930696777665e-01,1.785460820801958448e-01
7.322119750064727839e+01,2.525692723589443855e-01,1.588200045737453436e-01
7.338291523574136477e+01,2.034359078187056857e-01,3.588897587549046975e-01
7.298840647385569014e+01,2.349034658993539859e-01,3.731797011177677703e-01
7.340919160414075861e+01,1.962055729175299357e-01,4.195395226967137958e-01
7.357079408201346382e+01,1.984790915069390427e-01,3.752246672333532374e-01
7.408794513432567896e+01,2.276574959329607517e-01,8.525680053704753902e-02
7.318478060063237933e+01,2.521371708001844403e-01,1.973298395342260037e-01
7.320438227459165148e+01,2.348499858310119648e-01,2.190972295175050988e-01
7.292219178247913192e+01,2.131567999888368536e-01,4.985726142323354537e-01
7.402369573770016586e+01,2.204951531950735122e-01,1.484450335974187851e-01
7.413785579227678113e+01,2.422651562976980699e-01,-5.304233368213839839e-03
7.390905252575262807e+01,2.348786627641721858e-01,3.071183538013944059e-02
7.368241842190472823e+01,2.489095149156459186e-01,1.551056351948352230e-01
7.361774520114160225e+01,2.025121195130918372e-01,4.019490780644572325e-01
7.322446210652896070e+01,2.072668858051656127e-01,3.742633815634386352e-01
7.411024199145256830e+01,2.337308268684451518e-01,3.546633215473438128e-02
7.357920545569422188e+01,2.040685253288853362e-01,3.165365252767369242e-01
7.311757910384206127e+01,2.057422028103266798e-01,5.194106486753380381e-01
7.339303765054795292e+01,2.353348723083463767e-01,1.523346157170131221e-01
7.303867046667717489e+01,2.184220595114060859e-01,3.703553505898016240e-01
7.391266977462557008e+01,2.135362991932277799e-01,2.071383290883774819e-01
7.380835583468839900e+01,2.084450153363715252e-01,3.120040021823804466e-01
7.341106526015136069e+01,2.245380301868304951e-01,2.090048321434423428e-01
7.332820294593783217e+01,1.955860242015049211e-01,4.456525960803414677e-01
7.373889297897274275e+01,2.034706594673115765e-01,3.259071808566540440e-01
7.410914371348260943e+01,2.316182717117802048e-01,7.169887610890857133e-02
7.319724085437867700e+01,2.401851701450384013e-01,2.003496277110263790e-01
7.292020500281597606e+01,2.183188611005389135e-01,4.388602620031303303e-01
7.294252698491021647e+01,2.164616936206558429e-01,4.848385113575544025e-01
7.350481641429811930e+01,2.589251018873613974e-01,2.536010323884063666e-02
7.375902017827739598e+01,2.379240898897853340e-01,2.068645726056992373e-01
7.363085338103266508e+01,1.998207514678278784e-01,3.679737869936641204e-01
7.307882418637528588e+01,1.980091169148825159e-01,5.323266156477766131e-01
7.368744189614707807e+01,2.043960684344889034e-01,3.040238326414046455e-01
7.363675375977612703e+01,2.130532427860463429e-01,3.687638519408737992e-01
7.302218967872261146e+01,2.067091615680837768e-01,5.232202300428161479e-01
7.361191601591291089e+01,2.138778112054278147e-01,3.735887115255227542e-01
7.370861496922856304e+01,2.349482569913383945e-01,2.408621062799936041e-01
7.346176232098716241e+01,2.561821913166575371e-01,4.575086901260050354e-02
7.292093234582786465e+01,2.227207208028411656e-01,4.318498909228329907e-01
7.366267733130871420e+01,2.314701070831932939e-01,1.026478972551680968e-01
7.309814844185002869e+01,2.015559510718016034e-01,5.291945893260576739e-01
7.409653774852776564e+01,2.482909571292322426e-01,-2.937864345502694263e-02
7.408770232020687274e+01,2.308640966031884900e-01,9.488778099137107347e-02
7.323503943501687274e+01,1.962768527949247388e-01,4.653733278303056053e-01
7.344702419931155646e+01,2.522136803610333100e-01,6.151356285308118288e-02
7.331535522562656126e+01,2.553587182782129927e-01,1.669455237021644223e-01
7.378830518844961261e+01,2.073662346681099389e-01,2.742950739733975851e-01
7.397251424124129926e+01,2.551926291696463012e-01,-1.637106341065264203e-02
7.371587924928189750e+01,2.070619523156467245e-01,3.536738707903230861e-01
7.299325202397533019e+01,2.030200540212897531e-01,5.200169595566173086e-01
7.375743736144812601e+01,2.147651677592426755e-01,2.031487602248285285e-01
7.356204711245956673e+01,1.986102340160162960e-01,3.855478314031088871e-01
7.388724320579989069e+01,2.255567170288491075e-01,1.025759947960906970e-01
7.370763416331902818e+01,2.341634585646850952e-01,7.657704959336353312e-02
7.304295700382176904e+01,2.407103215359445159e-01,3.087944066940870869e-01
7.365907341689033672e+01,2.012426286302965439e-01,3.662396642441576589e-01
7.292352773029713831e+01,2.198642443686302517e-01,4.461288166703925029e-01
7.404092449518896046e+01,2.517907064196646116e-01,-6.458784549528662211e-02
7.380534535333474366e+01,2.155461702099743526e-01,2.971241580833794416e-01
7.321191026152307302e+01,2.378050397210027533e-01,2.074921792390220787e-01
7.366920383184515231e+01,2.322167315228739481e-01,9.800825914623434443e-02
7.331756912040714269e+01,2.005020858369616077e-01,4.911126890570409742e-01
7.400591826992895506e+01,2.246863489050178742e-01,1.070879806096431963e-01
7.304132544771235303e+01,2.018636544317201353e-01,4.897176354457410952e-01
7.381080091657410946e+01,2.357572294969950966e-01,1.998968680795236708e-01
7.294252840988347941e+01,2.108833930396049605e-01,4.835657745347798908e-01
7.336277524741601042e+01,2.274287878832627341e-01,3.735945171141974441e-01
7.329795677315613034e+01,2.094684339553227193e-01,4.698685704034781807e-01
7.356343167065550404e+01,2.426209791206278832e-01,6.708498682166119664e-02
7.326960425258003795e+01,2.051792357171574321e-01,3.811606731480745580e-01
7.401011843896540654e+01,2.477024692730296351e-01,3.318178477480326904e-02
7.403621380882509584e+01,2.249788431108570852e-01,1.176274167960489336e-01
7.378193654654984357e+01,2.515861010556003086e-01,9.491020985818732214e-02
7.301122095492856090e+01,2.136826771566824323e-01,4.176630366829403584e-01
7.380281879748164897e+01,2.084173159088887062e-01,2.716207438984863387e-01
7.376923336157290123e+01,2.518422462549602669e-01,-2.881228688953241246e-02
7.335768933587873164e+01,2.565622808133331545e-01,1.057293123466029883e-01
7.394780429114301512e+01,2.236361365597345774e-01,1.172387503429588307e-01
7.308324174831666653e+01,2.227524361717665990e-01,4.442871671069523742e-01
7.343054282646127717e+01,2.023873931669972759e-01,4.562571570751670080e-01
7.407498469311441625e+01,2.378103903617093673e-01,1.139379828275277617e-02
7.400161785746875864e+01,2.265684118419649673e-01,9.354626914853358954e-02
7.343893871708034737e+01,2.470553404827359190e-01,2.265549842055225582e-01
7.326691902072759888e+01,2.184251476189292829e-01,2.937991548744856019e-01
7.345253138292457606e+01,2.077769408075714197e-01,3.167004409466125381e-01
7.299023929998082849e+01,2.231831969467386323e-01,3.786703148046681733e-01
7.359465151571527031e+01,2.579987082169395984e-01,3.589941415999220453e-03
7.365351042476349619e+01,2.615270293963777304e-01,1.915935072540619899e-04
7.340540251644085856e+01,2.579288546333852739e-01,1.104077905478257904e-01
7.341692365058396774e+01,2.063817972715585036e-01,4.497373470811698581e-01
7.402238101234745216e+01,2.433256906185832236e-01,-2.380085333057602170e-02
7.355174893807662784e+01,2.417853545558118489e-01,2.378364577835121452e-01
7.340274981579905500e+01,2.020312329558107967e-01,4.632165962937859760e-01
7.396022611689026860e+01,2.531336918632585697e-01,3.160196567574047322e-03
7.334892389765019516e+01,2.546489784898622877e-01,1.077436012000623222e-01
7.381301263593097417e+01,2.407164823820200916e-01,1.645897877738331516e-01
7.398783206380232969e+01,2.277494707255637296e-01,8.544099418535022750e-02
7.382003502824858288e+01,2.569984713702290757e-01,-5.131214868208777702e-02
7.394378266362483032e+01,2.498560815914837863e-01,4.278673284089773432e-02
7.314419508958948768e+01,2.456036598635177315e-01,2.280863996938098381e-01
7.344145604163938401e+01,1.985311896328554593e-01,4.060108100945223342e-01
7.364204001113046161e+01,2.516671878584992861e-01,1.355093077120130829e-01
7.357775790490433110e+01,2.604097937099046911e-01,4.772034776713240944e-02
7.389094601817924968e+01,2.140953956444744399e-01,2.423426974938118761e-01
7.372101562013997977e+01,2.343554006821109703e-01,7.681428849942495418e-02
7.362743642677868650e+01,2.609967671721199478e-01,2.072986483112337908e-02
7.378079086834198108e+01,2.120236718371365514e-01,3.097564477576932873e-01
7.362402769570043404e+01,2.015445167998375642e-01,3.657892817344130520e-01
7.317915590041238261e+01,2.246739653444527196e-01,2.892493104847195795e-01
7.319027373737793596e+01,2.489136489339422997e-01,2.238729329410524826e-01
7.343384507293238528e+01,2.098887314142377780e-01,3.073245123614061214e-01
7.316330446874803783e+01,2.431833578172791777e-01,2.932286022187620134e-01
7.295391247414501379e+01,2.166760219583875879e-01,4.595629282706061858e-01
7.308761512195756893e+01,2.406388997211085790e-01,2.705402624291393110e-01
7.359341618240671323e+01,2.605228877582428937e-01,2.191070004386119763e-02
7.332809782968037382e+01,2.528194417011717654e-01,1.211406561942753868e-01
7.367843473207166483e+01,2.395196107119898776e-01,5.718565774675887781e-02
7.340036105795854837e+01,2.034700362381370864e-01,4.583329392749222464e-01
7.394973427633020435e+01,2.532765175402196256e-01,-5.525084872215835219e-02
7.349729188071040653e+01,2.539266239628865662e-01,1.485646321065070552e-01
7.398464084977136679e+01,2.264148830543351865e-01,1.004243936856621389e-01
7.384827449150945711e+01,2.411572480718249534e-01,1.464907538030368883e-01
7.336756418280630498e+01,2.031343981943028454e-01,3.775082062879722145e-01
7.368889374378709078e+01,2.243295965888408849e-01,2.975498180020581529e-01
7.375702473959159988e+01,2.392379959498467656e-01,1.913408890345751345e-01
7.342757250476392983e+01,2.145734355613577171e-01,4.152509420002310492e-01
7.350609953899368065e+01,2.030251902619679694e-01,4.266039700557682224e-01
7.376170595006531983e+01,2.204818673400848750e-01,2.891384951456386077e-01
7.390392289823635963e+01,2.387896214784930027e-01,1.394988310006493037e-01
7.397557643793135185e+01,2.497186365071279446e-01,2.274876975475681462e-02
7.296995941036934141e+01,2.159257750812510201e-01,4.422659193782187970e-01
7.399655357868665817e+01,2.300053067349498992e-01,7.265654671538257503e-02
7.349447287278543683e+01,2.173725502112732189e-01,3.857779438454214116e-01
7.395080478758096376e+01,2.385973712516903655e-01,1.442047413934322009e-02
7.340493249616358185e+01,2.554803012325979616e-01,8.911929586846323303e-02
7.387921357275156709e+01,2.140731547442619453e-01,2.393305561754655031e-01
7.347915337042080353e+01,2.493468407206812787e-01,6.987955624460173709e-02
7.391386482549181380e+01,2.223158165802773256e-01,2.165230862358420438e-01
7.367572640916402804e+01,2.199193437976430798e-01,1.848753383259236216e-01
7.352147180345622246e+01,2.424196486220852320e-01,8.625966261346285080e-02
7.380933506815659939e+01,2.156046828784434766e-01,2.013322210649999278e-01
7.349582855046733698e+01,2.266937288489793700e-01,1.810406802536537185e-01
7.319627645498715651e+01,2.052044088535106003e-01,4.111061576895798098e-01
7.390522935775936730e+01,2.304344259408958318e-01,1.858084350765105697e-01
7.341805390870942460e+01,2.359453946802631541e-01,3.051464113834336800e-01
7.388175289358613895e+01,2.484177730120083194e-01,-2.805658405325717197e-02
7.365779456939547742e+01,2.418822778705265741e-01,2.030532442578341090e-01
7.342347468018029133e+01,2.471132771819169738e-01,9.859576805452086035e-02
7.398860503865171268e+01,2.489756717450425927e-01,-3.806118813638770249e-02
7.333908427348035275e+01,2.450961791849107507e-01,2.547984723823191189e-01
7.342057458281840354e+01,2.211684752931355746e-01,3.862247272261374320e-01
7.368520114600511306e+01,2.079699488995434276e-01,2.851530395569898957e-01
7.385873572531512821e+01,2.152840887053300567e-01,2.079567028425000075e-01
7.353366577674019311e+01,2.465688313543954457e-01,2.018043470449315535e-01
7.398739483763903024e+01,2.502439407252450287e-01,4.001128085923788547e-03
7.354115128214323249e+01,2.442692038983531599e-01,7.354327582670006080e-02
7.332142169346441563e+01,2.033122145261951341e-01,3.919321868208776039e-01
7.388831491339321644e+01,2.164231445747584193e-01,2.025455527817383583e-01
7.321506454965866340e+01,2.089586115684446688e-01,3.794608225074389551e-01
7.322006361342373282e+01,2.412327122017488279e-01,3.001087260317811811e-01
7.312138491931375484e+01,2.020038485814512064e-01,4.734648832955565823e-01
7.338279188532929709e+01,2.332305923352709642e-01,1.782263297381048162e-01
7.318813148235231836e+01,2.245351219941829624e-01,2.918540717620761171e-01
7.399122023133841708e+01,2.285581846644463011e-01,9.213737825256362868e-02
7.354249165765229179e+01,2.546475511474718956e-01,3.875087460765502811e-02
7.387027069514728339e+01,2.156994819235742433e-01,2.105535512806095966e-01
7.304678641640293790e+01,2.065416252454886914e-01,4.936004702297731583e-01
7.312266008444561294e+01,2.409506269200711037e-01,2.988892184048568268e-01
7.368355514394113470e+01,2.162512400683966607e-01,2.146829062674484589e-01
7.384880978122902206e+01,2.437117470761115123e-01,1.226197899697636373e-01
7.306523222761505565e+01,2.286526554562048896e-01,3.267526376887914807e-01
7.336631912702034697e+01,2.510797218388916563e-01,1.146655811984524931e-01
7.312796550238392967e+01,2.425317023607754530e-01,2.689193279549053628e-01
7.314890503793360210e+01,2.010096594776585865e-01,4.945480975721849859e-01
7.352016984620058793e+01,2.534919165496515858e-01,4.960188722924296911e-02
7.347704339018977748e+01,2.182146753173903331e-01,2.436405032312496388e-01
7.306093629754973051e+01,2.053742696650336097e-01,4.802165543320429109e-01
7.333412436368314502e+01,2.200571916409739537e-01,2.708828660566915403e-01
7.317503933919768144e+01,2.425403771241363970e-01,2.252792491310433576e-01
7.378413590894753327e+01,2.446152520785513373e-01,1.230250906012297918e-02
7.346621808092137940e+01,2.267557793456165816e-01,3.442970663827997768e-01
7.323124881635598626e+01,2.424122022061300230e-01,2.865094223676072360e-01
7.316253472295744587e+01,2.106862247830854074e-01,3.877217958065255488e-01
7.396511809046663188e+01,2.264878306098663530e-01,1.659725391296662522e-01
7.320986471406645535e+01,2.396900948326368130e-01,2.152961553311678600e-01
7.302203775671281960e+01,2.275144176560991993e-01,3.977334756443973163e-01
7.375423497899096503e+01,2.092822458671836916e-01,2.832713704256555332e-01
7.389801041373810619e+01,2.382280391210631898e-01,2.938790222553322451e-02
7.356094716670523326e+01,2.045642835276432203e-01,3.964182865992604832e-01
7.308876837619929745e+01,2.220145764312651815e-01,4.350699081253495137e-01
7.312302229357514705e+01,2.086636060028193018e-01,4.186534135055595129e-01
7.304443991552489024e+01,2.144749230253554795e-01,4.149562012573078107e-01
7.387234626782056068e+01,2.157946564873410578e-01,2.249845856056431614e-01
7.300484272946744113e+01,2.136498010360448341e-01,4.542311254987732028e-01
7.324101926323720591e+01,2.032206140021959595e-01,4.843449168275970607e-01
7.303140570998411363e+01,2.091593374051165521e-01,4.760184964657261375e-01
7.301691320789271344e+01,2.277931495621772495e-01,3.880005483756825413e-01
7.336657763222625306e+01,2.098546000148962531e-01,4.413254276848830315e-01
7.399057608999947888e+01,2.288328293817333270e-01,1.373088372115569555e-01
7.397113390774154595e+01,2.246128512240141151e-01,1.567057143059402691e-01
7.351659039911663740e+01,2.052769208865278805e-01,3.383146054711119177e-01
7.389161566570766126e+01,2.512363480576013663e-01,-2.980341898171801063e-02
7.341730719540318262e+01,2.082606666775446980e-01,4.329142411104678345e-01
7.341568322123841028e+01,2.245947156194946503e-01,2.210023698574659079e-01
7.385958285427602732e+01,2.492720614145830516e-01,-1.937311005680708575e-02
7.318904408036159737e+01,2.352481590056151317e-01,2.439364570983730829e-01
7.331592226567865112e+01,2.249436881586071579e-01,3.857632387584803979e-01
7.306931579968548363e+01,2.185592028464353465e-01,4.507365016435640470e-01
7.358948105720598676e+01,2.579007228004486230e-01,4.783352069744140067e-02
7.378332569885876069e+01,2.343069899685861213e-01,7.375232278748633519e-02
7.336035090971434158e+01,2.091173942858135237e-01,3.407858635435525585e-01
7.334199657478463052e+01,2.515504801133476853e-01,1.354447237320490771e-01
7.327514549935007437e+01,1.998129975389043578e-01,4.553123667741507674e-01
7.385482033489464015e+01,2.510780683324276841e-01,5.311722727062218041e-02
7.307768489833028980e+01,2.334915686109189648e-01,3.106061109112729923e-01
7.318816062978086734e+01,2.076067732583137815e-01,4.810840826688727034e-01
7.341633275008642556e+01,2.008133967243135864e-01,4.385234346412385520e-01
7.402432030710706101e+01,2.350213791691929122e-01,5.944866863890663211e-02
7.382580810574465602e+01,2.532561079363968015e-01,4.212055747710952147e-02
7.324818833630361326e+01,2.481713927945438658e-01,2.157190695672177583e-01
7.370779940402609043e+01,2.114602570903335865e-01,3.272403437749051847e-01
7.400930105984376439e+01,2.346858514196897838e-01,9.582776581340102240e-02
7.334608566646525674e+01,2.393096272348027298e-01,1.653724541437719964e-01
7.314166438533088410e+01,2.356912725288890231e-01,2.663246829147292161e-01
7.325286349516694884e+01,2.157649258736934472e-01,4.406759104183484155e-01
7.336180648200279109e+01,2.530885195181604708e-01,1.440653389505959225e-01
7.348832551168543148e+01,2.095954304708091409e-01,4.078515290153017503e-01
7.353222541470960039e+01,2.448628797834348780e-01,2.083798889331687221e-01
7.375383325247833000e+01,2.323703814972718773e-01,2.251287526113294746e-01
7.303852639577628736e+01,2.292510643029494477e-01,3.731476555404693585e-01
7.336953716904305622e+01,2.435668601679936429e-01,2.532854575990644008e-01
7.389192615855228041e+01,2.239885569241757968e-01,2.082358224218925358e-01
7.310888726694011552e+01,2.075878283258275614e-01,4.847066174388938720e-01
7.329650282454745991e+01,2.039023042667624797e-01,4.035180736557704151e-01
7.398605633869418341e+01,2.466003878602712751e-01,1.804213957716260808e-02
7.314998516772213577e+01,2.291474943318412005e-01,3.843061741936546483e-01
7.323289212728302289e+01,2.011241341954133344e-01,4.718397771500413285e-01
7.350128488479703037e+01,2.302048437875908737e-01,1.661241405016733452e-01
7.360877052407627730e+01,2.521764980293537128e-01,3.235800513443098936e-02
7.318673174718807672e+01,2.025750734045635437e-01,4.800147636916731742e-01
7.306884179511763477e+01,2.210171784480106649e-01,3.711098677303352744e-01
7.379772206317485939e+01,2.559089986046791387e-01,2.033261963603649747e-03
7.381261167176297988e+01,2.167161773335526675e-01,2.645980675567924933e-01
7.387456844128631417e+01,2.286986546559589828e-01,1.956255715766603842e-01
7.391143227168107899e+01,2.221924715937632355e-01,1.602914304192948336e-01
7.372279910628505206e+01,2.206655811344195028e-01,1.813799804055920006e-01
7.350993730899433842e+01,2.544081168528710690e-01,1.183226628133242642e-01
7.379173662575007597e+01,2.483020828567966687e-01,9.928096461696522823e-02
7.319619035026489939e+01,2.394773303678475462e-01,2.312360648091438264e-01
7.307747023707946710e+01,2.253930598153375542e-01,4.076950994216232971e-01
7.337944927194909894e+01,2.083284660377079933e-01,3.460311457485945041e-01
7.366380710428094858e+01,2.222533811547379723e-01,3.045438419930146523e-01
7.323186632499196946e+01,2.156919621073175308e-01,3.372262823689569089e-01
7.384448795446697034e+01,2.192425704934360398e-01,2.419764490300115867e-01
7.313249193234032930e+01,2.061464664006506520e-01,4.801193306919024906e-01
7.315045453690200361e+01,2.396897643725655613e-01,2.614938790960348314e-01
7.330721201981386059e+01,2.430667426872246406e-01,2.637834168999591000e-01
7.313063088101698384e+01,2.238942395145336606e-01,4.144154323842679233e-01
7.377732605510713881e+01,2.549918605821426820e-01,-5.568435197281118576e-03
7.308098852045854699e+01,2.092064387728529429e-01,4.505349005052519118e-01
7.306025541772848442e+01,2.144474588740120646e-01,4.582199280612755388e-01
7.333489306043496470e+01,2.494071060054468270e-01,1.477098238586878054e-01
7.399395514856669820e+01,2.319942175716527832e-01,9.489651230623685763e-02
7.341388453150788962e+01,2.084749863579830054e-01,4.273375505668077778e-01
7.400125241743108973e+01,2.413533196721838747e-01,2.979526930532117035e-02
7.394990865894871490e+01,2.478332759235070681e-01,2.289290792141862596e-02
7.354356091985472688e+01,2.462138845805892096e-01,1.911435209205381014e-01
7.312273832124681405e+01,2.161986436543172907e-01,4.516669223492826291e-01
7.376873575926546778e+01,2.212244325015763069e-01,1.727961673822342448e-01
7.362257738966596321e+01,2.199772816880919135e-01,2.058476135434172960e-01
7.350349873666868916e+01,2.165553098161451806e-01,2.560294917556440453e-01
7.358455055629195840e+01,2.497283460569136859e-01,1.496978174578336152e-01
7.374348481919095377e+01,2.200379678662901517e-01,1.855573014548941302e-01
7.352962740493759952e+01,2.391358049558283128e-01,1.115384590805446052e-01
7.305755594007183618e+01,2.120663645048262158e-01,4.558868388138392902e-01
7.372835794503509987e+01,2.401362864237371053e-01,5.620692003631688749e-02
7.368632812662433196e+01,2.148171959053189195e-01,2.364063561757268062e-01
7.384853625856509041e+01,2.420357067278250673e-01,1.239834994647477373e-01
7.357730784431178961e+01,2.477467560023667859e-01,5.957471622871057804e-02
7.353348869797639509e+01,2.451709413129617154e-01,2.010034107125218128e-01
7.398416111601029854e+01,2.393233635997038256e-01,7.176899865058672390e-02
7.374662545658966906e+01,2.547743445370669879e-01,4.102592789165804277e-02
7.315558850234918964e+01,2.047700426617196368e-01,4.687414368484681404e-01
7.306271228944541463e+01,2.161090468483534144e-01,4.110160516243235307e-01
7.392207487187363313e+01,2.435207492841478805e-01,7.830823830846611600e-02
7.312726378775991520e+01,2.068420308332983015e-01,4.509501651699769909e-01
7.304770847657215427e+01,2.233415637955785127e-01,3.836694810352732077e-01
7.314188743857225461e+01,2.074787347162280471e-01,4.739522523772432550e-01
7.352422957217937949e+01,2.180759095562929406e-01,3.626296032087017451e-01
7.314041142255349826e+01,2.380756222729501492e-01,2.770483690383107600e-01
7.324545364955652360e+01,2.173499661987203790e-01,4.294511997273779969e-01
7.330411625657353625e+01,2.131559161941078973e-01,4.355043648699652437e-01
7.341679175546575209e+01,2.397068629409426499e-01,2.681623275583628896e-01
7.359433223186564987e+01,2.221470379701551701e-01,1.980437725669306204e-01
7.309224971406734994e+01,2.300146680715360603e-01,3.262793720053815960e-01
7.335114661467865460e+01,2.182225948168660112e-01,4.047503329247383874e-01
7.355323497495886897e+01,2.112618688293998181e-01,3.767212754916240414e-01
7.375621027606766233e+01,2.384331125316172528e-01,1.819568039853489694e-01
7.341915085758982684e+01,2.515540888915095974e-01,1.580888053878091171e-01
7.382656056882875362e+01,2.177651906103099666e-01,2.464976011466415429e-01
7.373260667122625023e+01,2.177589603304479760e-01,2.082528647466475036e-01
7.329271106127613677e+01,2.482072786567228739e-01,1.911016852095892560e-01
7.311516644620157024e+01,2.173166031606053594e-01,3.772017059915366843e-01
7.366797482482542136e+01,2.218904032371674107e-01,3.011566590579048963e-01
7.336616175963251862e+01,2.021057513194010891e-01,4.293953737692959294e-01
7.397315276359060476e+01,2.411227599738537952e-01,5.980558851782102892e-02
7.306816200111798310e+01,2.135334318077453664e-01,4.342171712608431378e-01
7.368803709223595888e+01,2.502364150440916646e-01,1.110011042961760452e-01
7.310939432797660231e+01,2.346907375482162050e-01,3.243527003197872460e-01
7.380638374063691742e+01,2.440550702169141384e-01,2.369694392917587322e-02
7.386452220650051004e+01,2.387794375994365115e-01,4.346706381390230689e-02
7.345708405813641662e+01,2.221663490835466270e-01,2.323437072011662607e-01
7.341221598232466761e+01,2.398301986459522306e-01,2.665310214315903536e-01
7.335989146029552899e+01,2.120078851256511632e-01,3.282923542175000264e-01
7.359039472213396493e+01,2.548362642132857570e-01,8.054859856298524079e-02
7.332086007632319991e+01,2.216712351473342224e-01,3.937435225597676336e-01
7.397064249908292766e+01,2.343564538644345163e-01,7.433394102989332453e-02
7.313225005558466307e+01,2.368425214079055707e-01,3.056045550268828848e-01
7.336132339572172611e+01,2.387452152405976635e-01,2.838913492975194686e-01
7.361881609558516004e+01,2.530988646632447159e-01,3.893160651650795501e-02
7.341322411047889318e+01,2.519829656467960644e-01,1.417709777429392304e-01
7.389688801847817956e+01,2.467888583657816270e-01,3.632667050047722057e-03
7.397053942588217978e+01,2.337453303017826001e-01,8.101378152932792176e-02
7.375539801782842630e+01,2.430028591871931654e-01,3.970331695351791979e-02
7.366546536713994442e+01,2.171472554975507896e-01,3.184724174952009434e-01
7.395038105339118317e+01,2.287982301074411584e-01,1.256575888286874942e-01
7.342258472530537006e+01,2.273590170460673965e-01,2.108256517806008645e-01
7.333303411835376551e+01,2.080618574062163273e-01,3.676555338003320017e-01
7.379016229106706248e+01,2.507549554897340327e-01,4.326309381514903407e-03
7.393078876606098504e+01,2.268679916802686658e-01,1.350223744826122285e-01
7.387437152904578852e+01,2.454480744846415097e-01,7.983939076412216451e-02
7.320526564299530037e+01,2.254429980973048919e-01,3.920559847093487704e-01
7.338805282349453307e+01,2.058388656425061136e-01,3.740347782937867294e-01
7.358688201746500113e+01,2.507072117717469295e-01,1.330039928056887533e-01
7.389118043738702113e+01,2.258868460761740415e-01,1.878329196156416359e-01
7.385850115295757234e+01,2.465044259990509246e-01,8.384834336691682211e-03
7.362090904119965273e+01,2.545863213916016998e-01,7.319803027123850114e-02
7.321100998243072411e+01,2.068771114174098869e-01,4.185192858883990397e-01
7.371991144986699851e+01,2.346367943992454519e-01,9.374638190335904397e-02
7.338938959174001297e+01,2.489200098549731732e-01,1.315633701181253556e-01
7.329746200577960735e+01,2.332660916363638870e-01,3.311825432660420176e-01
7.320582338407459133e+01,2.133965930695586044e-01,4.473496286524820675e-01
7.323445620095525044e+01,2.302741918410663724e-01,3.591825432986857081e-01
7.355767953361751665e+01,2.088002503584777125e-01,3.149543542048052203e-01
7.352259904884047614e+01,2.539687250399381702e-01,8.625578539383038645e-02
7.364007175232639213e+01,2.164175112999657535e-01,3.287144750764561252e-01
7.352380460296447495e+01,2.096214571362650381e-01,3.123451214750447846e-01
7.368279840505871903e+01,2.527679000930920794e-01,2.537818244907263932e-02
7.382611690194475784e+01,2.500856335926405216e-01,3.516621655911933431e-03
7.331153791577445133e+01,2.442496491145846049e-01,1.749307294343873664e-01
7.376490476147861841e+01,2.154223420933289168e-01,2.757663494902864443e-01
7.387817417156264810e+01,2.492204875162475630e-01,3.495775680223101034e-02
7.363797123313165116e+01,2.399560010788972242e-01,8.345550481246455377e-02
7.320554394219026051e+01,2.166651147705661584e-01,3.484054094863529016e-01
7.360207722437964151e+01,2.335705903482193369e-01,2.578959395333475513e-01
7.385366673537578208e+01,2.227398977759018628e-01,1.652549392044617704e-01
7.370197553981712701e+01,2.485047220532217438e-01,1.182437031350795920e-01
7.307291758672613469e+01,2.211068326619902158e-01,4.125162448440535812e-01
7.314965708249255272e+01,2.211792496924397111e-01,4.179100327713278773e-01
7.349524442516647582e+01,2.254747003371236069e-01,2.038577739938549627e-01
7.369126460155037250e+01,2.397419019252438332e-01,7.243534678141116956e-02
7.324083024869253222e+01,2.428210995824418850e-01,2.181416376140736801e-01
7.363588539443000514e+01,2.117837007236599844e-01,3.394144119373088131e-01
7.371346151340283370e+01,2.184483130656511285e-01,2.929930596912928564e-01
7.396278906122428509e+01,2.348913774572640167e-01,8.571249907030598081e-02
7.356011055521793196e+01,2.185619086894325380e-01,2.354127862812536165e-01
7.365767549887640087e+01,2.521155538132898166e-01,9.342685201916456350e-02
7.355790903188106711e+01,2.536962623623147950e-01,9.291253423567003011e-02
7.346278023606605245e+01,2.495186921658318346e-01,1.028854169150807962e-01
7.312190725199489805e+01,2.142249178614159255e-01,4.027274594079433001e-01
7.367473363031966471e+01,2.225758549140915143e-01,1.841419247837867701e-01
7.331148470843845644e+01,2.036993565823522201e-01,4.342113039085520043e-01
7.355191132298807588e+01,2.364300537705199823e-01,2.532026798143300894e-01
7.342464883894801631e+01,2.241565384398774563e-01,3.557171033281614214e-01
7.318263843484660924e+01,2.141238626155115010e-01,3.755764450841017066e-01
7.311384285695137919e+01,2.128080256026790296e-01,4.493396681017616245e-01
7.346427601075282610e+01,2.492147723242373880e-01,1.709461283714777124e-01
7.354824177426900178e+01,2.527162271946032379e-01,1.119618535042841145e-01
7.375580022651649870e+01,2.525433555449099199e-01,5.042892891305417180e-02
7.365591016059475749e+01,2.232619193119570189e-01,1.829359841409239351e-01
7.394338885517439053e+01,2.435265885290765486e-01,4.086198776339777794e-02
7.312104745289865093e+01,2.133058006821795805e-01,4.114285538544182330e-01
7.313893228104454636e+01,2.300286820930846632e-01,3.083084749942202052e-01
7.353316183726728639e+01,2.073567036027712807e-01,3.796550734865924426e-01
7.334509939816436486e+01,2.044264390848199442e-01,4.077131006364043131e-01
7.386008380771107795e+01,2.466808325380963063e-01,1.368370582872469043e-02
7.312227921980313283e+01,2.272806693921391175e-01,3.295199181066363892e-01
7.325847698985195677e+01,2.440404126140052476e-01,2.363860616602648790e-01
7.331447347805580250e+01,2.458710156956868675e-01,1.774325057348695722e-01
7.357679073797834235e+01,2.377505116546882458e-01,1.126091783086460296e-01
7.327260503931648827e+01,2.155169699382614157e-01,3.344248351423644294e-01
7.342663001860299232e+01,2.088060020309549791e-01,4.127553629603992746e-01
7.349013920741029438e+01,2.094828352675755789e-01,3.928934635465948233e-01
7.366460170078154590e+01,2.438939485916241101e-01,6.023394669665904644e-02
7.316846156159618886e+01,2.129069457979194113e-01,4.481822520775962104e-01
7.367570251261297187e+01,2.475010128677424537e-01,1.330818412372218873e-01
7.350404101368866350e+01,2.055109027640512342e-01,3.776222925912060546e-01
7.310745343478450309e+01,2.301179851754148187e-01,3.347205555127397147e-01
7.320307138039029837e+01,2.225555354247529261e-01,3.161654406712894883e-01
7.315807779382454612e+01,2.342259166346819521e-01,3.289825108552477673e-01
7.352316516485967668e+01,2.383489995940925310e-01,2.465470245144807393e-01
7.379129902874795732e+01,2.192548936166061335e-01,2.014476248747900655e-01
7.327080605536761482e+01,2.076870833751011391e-01,4.478723210943904576e-01
7.393285037329316367e+01,2.423660251453039760e-01,3.614528281326823134e-02
7.362770428980108761e+01,2.514795261327218978e-01,1.061410237753506181e-01
7.342473118027112378e+01,2.083298165190156648e-01,4.127278884753753374e-01
7.334482510356262708e+01,2.182380037588107780e-01,2.945058957039332626e-01
7.380273163420950766e+01,2.428923404925227014e-01,3.792954516270263809e-02
7.320128910739491346e+01,2.152963631241310849e-01,3.629261641454775145e-01
7.358016580467271694e+01,2.259844879405515095e-01,3.036052844718710730e-01
7.323659333355095669e+01,2.426089703275809695e-01,2.391093182925008165e-01
7.354863855760233093e+01,2.298119201213021934e-01,2.921623689924688350e-01
7.363248618354059261e+01,2.536144998852513655e-01,6.529784103656766092e-02
7.315731528087783886e+01,2.354680231856230987e-01,3.131203824144694892e-01
7.320178197243379259e+01,2.112467689392457104e-01,4.482594792322398547e-01
7.331754492115504718e+01,2.050197534558781953e-01,4.359714234955571754e-01
7.341193769158323335e+01,2.106179244753731694e-01,3.324472398670215156e-01
7.343360212201550041e+01,2.346024568243751385e-01,1.719374118971339627e-01
7.309524117907042751e+01,2.201119922273258867e-01,3.871094962397485517e-01
7.341919971314388249e+01,2.478143499497258428e-01,1.880138151342229946e-01
7.351207291783381947e+01,2.433322267173319287e-01,1.069758886732072867e-01
7.348960194567318638e+01,2.437120668662867418e-01,2.131969541333882390e-01
7.355778268846344758e+01,2.076558073578290975e-01,3.619286416993485744e-01
7.391456852367849706e+01,2.412150531247765073e-01,8.154165218112918723e-02
7.377169456440454098e+01,2.515918728470903920e-01,2.318104306043267115e-02
7.337134400586245420e+01,2.448345953261842345e-01,2.241927560875636161e-01
7.393842437157978509e+01,2.345870815567456802e-01,1.055633968551648039e-01
7.311792923863573890e+01,2.130727641900115876e-01,4.359800147536310178e-01
7.333680168236152497e+01,2.114016464375902959e-01,4.252036501760105836e-01
7.357044946233797589e+01,2.288257647144659457e-01,1.672853677783381343e-01
7.346372334735043808e+01,2.174890976942880638e-01,2.684070096525861260e-01
7.366786055236363495e+01,2.508329239901461172e-01,9.857165036743875675e-02
7.369799178322089972e+01,2.128381123421436705e-01,2.755856510286216476e-01
7.358416700300341518e+01,2.530894258352476278e-01,7.656880370439367312e-02
7.356909724212337665e+01,2.517466470994768613e-01,1.133438994449402770e-01
7.348310704723576237e+01,2.504961020942951255e-01,1.449353627357341523e-01
7.326002336841975193e+01,2.081447721322760014e-01,3.995215035486525679e-01
7.365015367185627326e+01,2.523963103058111668e-01,4.717861115617427714e-02
7.385253405219168599e+01,2.479142001457282918e-01,1.968224474027557847e-02
7.351010939970031188e+01,2.159842524867160718e-01,2.688788184027703920e-01
7.309304135738365460e+01,2.188745251542471293e-01,4.108148082238010090e-01
7.384845451364822111e+01,2.234498132023050032e-01,2.066625966209816312e-01
7.318360853289230761e+01,2.377002778428752572e-01,2.885357093287161945e-01
7.321657082448666642e+01,2.398334800847143344e-01,2.732744005620038052e-01
7.373579188919917726e+01,2.522173633863198372e-01,3.387910505056801469e-02
7.317029969166922854e+01,2.204008192868475158e-01,3.458015811688870400e-01
7.379448358197713276e+01,2.504058425262424836e-01,2.248810659571898185e-02
7.336238917365763257e+01,2.207704088983006296e-01,3.825970972626908662e-01
7.360196559569206443e+01,2.515852143934099727e-01,6.081060556701078923e-02
7.316163672928604456e+01,2.336338704414844814e-01,2.918196860532562553e-01
7.390216117039905441e+01,2.283688099359298951e-01,1.324540261592943580e-01
7.363139997042331686e+01,2.130603377999228665e-01,3.322573406031059662e-01
7.384201747431112040e+01,2.287359318591120350e-01,1.922621714565817541e-01
7.318978353455860031e+01,2.376706443643103461e-01,2.691689641231116426e-01
7.385636913944006210e+01,2.482347484876266941e-01,3.922957591139031308e-02
7.371263299839509386e+01,2.229918038848245354e-01,1.796831895002757307e-01
7.310377490253692656e+01,2.198293498929563827e-01,4.109146794547742232e-01
7.359407656463432090e+01,2.482446416479355267e-01,1.453984221143365119e-01
7.357178693834978844e+01,2.319687844606559690e-01,2.714131365312599797e-01
7.328956322325393558e+01,2.382079185464875681e-01,2.892545299606421594e-01
7.370125393305293926e+01,2.517683317086923389e-01,7.100752776842167435e-02
7.321396668535849983e+01,2.236305118413440818e-01,3.928342465442851150e-01
7.368651964868607251e+01,2.267047319543686323e-01,1.577000645650983301e-01
7.373487024111263111e+01,2.235348244544412277e-01,1.730455512316577682e-01
7.310946073373874299e+01,2.262019178274076170e-01,3.561320138488994758e-01
7.366198397577068135e+01,2.450024852073648396e-01,6.067081555916775670e-02
7.318805144703489418e+01,2.369607473754759830e-01,2.966244371108821554e-01
7.341330957716579064e+01,2.193536920666697698e-01,3.766647685981450167e-01
7.390354577497690514e+01,2.440401298246512307e-01,5.363038253964180768e-02
7.359397238533482266e+01,2.517553532615284251e-01,6.670815487292802715e-02
7.311731602024487131e+01,2.251585113764124624e-01,3.831382710480069065e-01
7.392613805421369477e+01,2.332254129267317955e-01,1.038060529615858485e-01
7.364724762833833438e+01,2.484097503325696787e-01,5.381045181529131582e-02
7.321342097187611841e+01,2.377967609787673964e-01,2.535761734099191145e-01
7.357736513145961510e+01,2.360061261838415636e-01,2.440538088243737747e-01
7.342270288561232405e+01,2.397513663502819636e-01,2.554368827137150078e-01
7.370218356078953548e+01,2.522099457758878449e-01,5.310565829900948387e-02
7.336146693797856244e+01,2.309246963080299198e-01,2.173787046647035481e-01
7.318688943385429013e+01,2.262766409701886805e-01,3.088105240518741468e-01
7.387270173134284335e+01,2.461941107569961540e-01,4.975339746057994006e-02
7.335798804379778915e+01,2.346535926491103152e-01,2.002912552260216472e-01
7.382245122969921169e+01,2.207068960807098690e-01,2.136876953483932695e-01
7.383502672447140469e+01,2.259330084902870239e-01,2.036537455440781130e-01
7.377871522297893137e+01,2.280751478109478148e-01,2.210689783821635501e-01
7.327572822577435829e+01,2.079915791743703612e-01,4.372896388221860775e-01
7.389365810522204470e+01,2.337190332047421049e-01,9.049856522071664244e-02
7.361630789541462150e+01,2.333258696823275746e-01,2.487926146360335267e-01
7.322494316489724042e+01,2.079276385816268835e-01,4.297736977360839816e-01
7.341233566556708467e+01,2.486609998599960125e-01,1.437170217142584860e-01
7.349717000179623483e+01,2.110254209793776814e-01,3.804001544984156880e-01
7.329682623004482878e+01,2.211138740598883601e-01,3.912800809494338949e-01
7.347497499289796963e+01,2.496881738545938256e-01,1.483029844765280103e-01
7.365717605438321414e+01,2.153867693996349142e-01,3.139901084418843524e-01
7.384046413849000601e+01,2.312142814448327199e-01,1.774580581991092032e-01
7.347773611924924353e+01,2.445233962213146373e-01,2.040360293895826516e-01
7.320557573247596395e+01,2.381919078575318316e-01,2.755320325073320475e-01
7.347799852434471291e+01,2.400185550835072790e-01,2.400589532679724414e-01
7.339838515635588578e+01,2.341104263022995013e-01,2.982863854310426888e-01
7.346150577079446009e+01,2.308106347421409466e-01,1.881016648939892733e-01
7.329570917308251410e+01,2.186118673974217774e-01,4.023024424125445364e-01
7.333337019994296213e+01,2.079850216653909289e-01,4.258162086848900074e-01
7.370988390183666183e+01,2.503017285566419003e-01,8.086604172357247933e-02
7.323964927355766008e+01,2.396573881259589367e-01,2.401552339916257495e-01
7.355186575484292177e+01,2.430822023697369605e-01,1.983593352462209580e-01
7.331663204287234237e+01,2.080085923996059794e-01,4.286829581411488732e-01
7.372415021052147210e+01,2.495409584615847776e-01,3.851047221007597443e-02
7.320148669072315784e+01,2.372971097423479669e-01,2.872520050439124617e-01
7.311685172609708161e+01,2.248150812587971781e-01,3.655460175147142721e-01
7.377603936288056730e+01,2.270633019271533215e-01,2.252652833260535559e-01
7.357742255809147025e+01,2.108358080458591910e-01,3.496875967217114578e-01
7.371553448180503665e+01,2.311294481366732989e-01,2.280832024547603254e-01
7.336058330575430375e+01,2.120553737586206300e-01,4.127520764615635329e-01
7.370878543873644162e+01,2.264543813632923508e-01,2.542323171687916883e-01
7.373375198343332215e+01,2.156817767392056606e-01,2.615802821095423170e-01
7.384903941704097008e+01,2.240384614913660810e-01,1.778984246305919115e-01
7.313247648464863460e+01,2.210216900690793740e-01,3.700779548450965351e-01
7.348103799202878861e+01,2.270279943728540362e-01,2.054425091279918902e-01
7.382107835810423069e+01,2.458170472190372435e-01,3.474334544997503826e-02
7.366474524834320903e+01,2.170997295225665924e-01,3.050279520581673509e-01
7.313880731572670868e+01,2.251339090969936008e-01,3.457758001720110386e-01
7.322848708822992592e+01,2.098735712467506842e-01,4.353893652200140352e-01
7.369129986198713311e+01,2.378067000197895409e-01,1.945685564640662335e-01
7.353459782661579425e+01,2.101809129382808949e-01,3.222208665743959699e-01
7.343434194164268547e+01,2.145124571820669068e-01,3.033025638544781799e-01
7.322214525530668539e+01,2.321550976841851022e-01,2.704154834203631452e-01
7.318905728690810975e+01,2.307075518619654542e-01,2.933951462069774863e-01
7.357280142523519828e+01,2.200376989556464546e-01,2.310487404423131608e-01
7.363919368644212682e+01,2.327539068820482226e-01,1.328640649804411211e-01
7.347337577438295853e+01,2.431634513994559155e-01,1.286043332319311006e-01
7.367056334573096876e+01,2.180351154545232262e-01,2.982559007643423854e-01
7.359820164042784540e+01,2.132069023857664503e-01,3.363021017810874369e-01
7.321917756586032056e+01,2.217881769178961793e-01,3.245384171496690229e-01
7.348727860557569613e+01,2.221410866298625109e-01,3.412722601351134699e-01
7.349718740730729394e+01,2.152318377182027287e-01,2.844506049950927817e-01
7.380591715412863607e+01,2.479357362921460750e-01,5.229248150361520686e-02
7.326232203432965662e+01,2.231349049310503152e-01,3.829948623157770626e-01
7.320078416869230864e+01,2.358046506573552581e-01,2.936854643643505014e-01
7.386057576003986469e+01,2.302721087712448766e-01,1.226633599285200660e-01
7.357070883837093334e+01,2.102544378795037361e-01,3.420570568386418486e-01
7.367948861573169950e+01,2.425192837996354156e-01,1.622644758369631290e-01
7.317466728023468647e+01,2.316109244242459952e-01,3.314705825817974016e-01
7.372750207336186179e+01,2.498773368207719003e-01,5.064194410628442000e-02
7.353664428578510126e+01,2.501950866719381272e-01,1.185168102037152948e-01
7.341557980511478831e+01,2.343011857580954427e-01,1.868556283903330950e-01
7.317053248045404246e+01,2.133896932017605164e-01,4.177866000137697711e-01
7.321829899121354401e+01,2.102354494827219922e-01,4.213067669448742336e-01
7.386826536795568643e+01,2.415540580675428761e-01,8.739529561540848590e-02
7.323669142384481745e+01,2.359686764016636351e-01,3.000432820983247595e-01
7.322390008262179606e+01,2.327676607689200816e-01,3.264766627326753934e-01
7.378288257079266543e+01,2.482782943605602033e-01,5.062295954819795440e-02
7.369004497509317275e+01,2.450141591453633971e-01,6.279965039876422850e-02
7.384352515306552789e+01,2.358631377501397841e-01,8.543374155501926026e-02
7.341512533306054422e+01,2.233475605033312938e-01,3.518932352460861779e-01
7.364245449266621790e+01,2.210245153100578452e-01,2.133799947070365022e-01
7.365769995017976157e+01,2.210399050797485498e-01,2.109416634518765932e-01
7.386583790356247903e+01,2.329158780519157701e-01,1.064105527807566176e-01
7.333404494476478419e+01,2.079062964936177482e-01,4.022235854748386075e-01
7.383532663447437017e+01,2.249258372019691532e-01,1.795867653178433443e-01
7.376093464447743031e+01,2.463954796101387734e-01,9.488645008628893152e-02
7.383020122381694250e+01,2.343562430786052808e-01,9.606509551139374992e-02
7.377891051596823502e+01,2.307373415828667396e-01,2.004906092795533112e-01
7.365033063852304451e+01,2.392652874478764236e-01,1.940401416045682836e-01
7.338745641096615202e+01,2.295460627734106085e-01,2.223657065552098189e-01
7.338833118667112387e+01,2.121397729874928140e-01,4.001214864128632698e-01
7.387410195796732637e+01,2.391602520433925572e-01,9.702265796181741564e-02
7.337025403070633445e+01,2.173252284620142416e-01,3.040945052729249198e-01
7.329033451941752730e+01,2.092905502488051628e-01,3.996268213158646887e-01
7.364463297567893107e+01,2.464276344973430899e-01,1.355742242385176155e-01
7.351482269891739918e+01,2.268719377490370503e-01,3.080199935191059168e-01
7.364611857528070971e+01,2.139538679851938630e-01,2.837108413357141146e-01
7.350516444393228710e+01,2.130610758085550449e-01,3.051697226095919646e-01
7.375616333326692597e+01,2.463642590117147146e-01,5.091010435659892863e-02
7.352787662498657539e+01,2.248133376845845022e-01,2.119129065946623314e-01
7.358254266016774636e+01,2.278467738245837093e-01,2.835366297440922168e-01
7.317847449820699524e+01,2.311768950525021071e-01,3.239419048362464082e-01
7.346565793607263117e+01,2.463166441287249209e-01,1.774964930672675578e-01
7.363614538325167302e+01,2.480771289819634906e-01,7.252685547410742117e-02
7.370137359797378451e+01,2.445007149720083706e-01,1.333144001606223483e-01
7.346516821599411173e+01,2.427397761567510470e-01,1.384668432203746136e-01
7.379846713573896011e+01,2.456477742229360717e-01,7.755764842534151882e-02
7.364723943398192318e+01,2.154588270292170094e-01,2.666260954551864515e-01
7.322512043959966377e+01,2.218403522424799712e-01,3.279340509693700056e-01
7.385992112737336868e+01,2.354714078460777293e-01,9.513458139913488765e-02
7.374854055649755935e+01,2.436195583600274106e-01,1.225597612594313546e-01
7.329709704123571612e+01,2.156155975093140276e-01,4.049508072775500622e-01
7.352173319405027030e+01,2.487476805877971153e-01,1.184021417514005137e-01
7.339557451796555654e+01,2.102991548625597062e-01,3.584388226432784208e-01
7.385171516608548359e+01,2.323008156747714548e-01,1.500235111613390515e-01
7.380130374338288846e+01,2.458819717854641707e-01,6.575675588982310416e-02
7.357936949610596855e+01,2.145137342479710441e-01,3.339493204286876349e-01
7.347040109368120397e+01,2.250056445829531904e-01,2.270200156003063796e-01
7.338930845835143657e+01,2.254152669835244593e-01,2.481553423174709394e-01
7.324301302966478033e+01,2.355390952946097016e-01,2.612220617079969998e-01
7.333142633906236085e+01,2.427256807268590721e-01,2.158218260324646920e-01
7.382714815781613993e+01,2.407556471245696217e-01,6.789423638047420440e-02
7.318835290796441484e+01,2.284181914908416378e-01,3.163450721728686688e-01
7.356839226585941560e+01,2.491585845629173124e-01,1.089413512122225924e-01
7.344186596652552623e+01,2.117917824434747687e-01,3.333756817753865676e-01
7.367999605113773498e+01,2.328019407225642157e-01,1.300874369666962238e-01
7.369944388803320123e+01,2.449387508284336379e-01,6.752671100273222038e-02
7.366843335645791058e+01,2.164013425396950074e-01,2.595706346251427377e-01
7.323216899114946443e+01,2.128487362340084066e-01,4.132128690313887631e-01
7.356919850975265263e+01,2.488729562101672788e-01,1.041024186359758019e-01
7.350652017673222360e+01,2.103647708234779312e-01,3.465457601993664483e-01
7.341476301021228323e+01,2.167852057658698206e-01,3.755697418693024758e-01
7.376037805453110252e+01,2.272186871157877985e-01,2.199156656171661339e-01
7.367724080505398376e+01,2.476885297186199875e-01,6.925218187514481372e-02
7.316769617219854638e+01,2.228185054821666122e-01,3.742070242190989049e-01
7.365570235101867524e+01,2.447778353611061164e-01,7.862813659369738417e-02
7.322904681228355628e+01,2.304837067157786412e-01,2.859514254572976810e-01
7.335133400888044264e+01,2.249177296765353662e-01,2.647669666930623222e-01
7.326731531851942236e+01,2.381475124295643619e-01,2.612499288196570291e-01
7.354659177811680593e+01,2.421168490193191525e-01,1.177426204900582363e-01
7.366815601388215384e+01,2.260223299516393169e-01,2.609234825469490815e-01
7.379359768183275037e+01,2.239761142257428728e-01,1.965357283674071809e-01
7.371071291672217285e+01,2.324344375396931173e-01,1.288560382927519399e-01
7.343762566057978347e+01,2.460497589173861466e-01,1.666167749650213636e-01
7.368327964127631446e+01,2.383451665801184505e-01,1.008158793166682443e-01
7.380352351834675062e+01,2.408103862186409816e-01,1.156821934179284028e-01
7.345145526629895016e+01,2.449313795005429450e-01,1.868832385859846568e-01
7.342841711057191390e+01,2.303412807492704883e-01,3.056888748167825298e-01
7.342924383448425374e+01,2.165993838042731823e-01,2.985431839879613136e-01
7.325850805207109318e+01,2.181019864055241952e-01,3.431334352119721487e-01
7.346254046553328010e+01,2.364646441768819274e-01,2.580734599636871351e-01
7.356991104554991523e+01,2.143539129797619736e-01,3.318070872078395794e-01
7.369704112034065702e+01,2.414935751845602718e-01,8.442575573435284753e-02
7.377696440802343147e+01,2.450679690069278438e-01,8.171473595220835051e-02
7.349693383136593638e+01,2.203092104413193475e-01,3.387119903533442056e-01
7.381892482643340259e+01,2.287838119527365044e-01,1.765881057068332538e-01
7.327175718502397217e+01,2.301127418851419693e-01,2.697660066703333470e-01
7.319075477075837455e+01,2.219983561665674898e-01,3.541575811714237076e-01
7.323563008357838555e+01,2.344411994629663487e-01,2.894967827006285077e-01
7.355241382556737051e+01,2.188099877041105867e-01,3.273166507232545541e-01
7.344519266668307012e+01,2.436474844812005491e-01,1.517603251256591790e-01
7.357380874724283615e+01,2.145505293995480511e-01,3.286537565597891231e-01
7.351909564885045256e+01,2.420173383383537602e-01,2.012302396364225032e-01
7.354273110545844361e+01,2.435414175800353631e-01,1.171982165560097044e-01
7.382741472002646788e+01,2.384780263529448496e-01,1.160424465918437065e-01
7.323536597449546548e+01,2.291159519788774634e-01,3.380571185220198061e-01
7.346035426815502944e+01,2.460592354658300285e-01,1.574193990183827552e-01
7.353781687570945280e+01,2.238051860568491258e-01,2.220941509412952541e-01
7.379532438248769211e+01,2.431058108207707347e-01,9.057110638009202574e-02
7.383052797228995701e+01,2.323419634007959922e-01,1.507072060591694296e-01
7.348971859456298716e+01,2.115660590010544906e-01,3.384955798810489469e-01
7.353934090753452324e+01,2.278772063610597642e-01,1.954911234595666514e-01
7.359688995879383810e+01,2.478618103732663502e-01,1.081231512586233734e-01
7.384395428484813806e+01,2.350785703475180288e-01,1.171567492004212951e-01
7.362001540249583798e+01,2.148353027256218462e-01,2.987085753248681641e-01
7.368531877939636843e+01,2.470751871716702353e-01,8.049898438232450104e-02
7.361581300648605009e+01,2.214658790448635062e-01,2.955232909685214793e-01
7.355446103255384571e+01,2.348374446731051057e-01,1.517560302132130445e-01
7.325472300103636769e+01,2.137052890058757093e-01,3.998997867205416057e-01
7.368206951600046750e+01,2.178012291973194514e-01,2.693142799877810134e-01
7.328511262031615558e+01,2.123289274167579066e-01,3.923283625004394537e-01
7.365982832556795756e+01,2.262552034984434135e-01,1.813898114007157503e-01
7.379978420679196915e+01,2.263677054537195921e-01,1.830020403056575873e-01
7.336605356526018795e+01,2.243888370486229467e-01,2.668407740718947707e-01
7.340443813347626190e+01,2.184754996397221816e-01,2.943202894902094968e-01
7.378811761723667928e+01,2.274466173709275563e-01,1.629794463278981809e-01
7.339946926383551329e+01,2.251287785341382630e-01,2.519821800585839711e-01
7.352534351799803858e+01,2.156819505113836966e-01,3.422968235756931321e-01
7.356603447210896718e+01,2.199059678422102260e-01,2.457056620760749155e-01
7.335565099015347812e+01,2.193917855557188934e-01,3.031110760263873161e-01
7.354682153809389433e+01,2.131541974180848342e-01,3.161668259704351058e-01
7.333814874456149369e+01,2.115116233914995370e-01,3.884814435958832135e-01
7.338284979915282236e+01,2.415427516861429758e-01,2.230344382735678366e-01
7.363320128714683221e+01,2.291301983397060205e-01,1.680146567793148193e-01
7.345652909669608732e+01,2.449599997088069692e-01,1.726475137680445471e-01
7.341863455567428787e+01,2.327416879720451692e-01,2.048643315718914337e-01
7.355380103988825624e+01,2.141440754179234351e-01,3.040847140641647073e-01
7.327709009114784067e+01,2.166310607536434396e-01,3.928323049097244279e-01
7.368104291249333926e+01,2.297343756720614527e-01,1.564060659786710161e-01
7.347865516582221801e+01,2.225371386653594852e-01,2.479732426920833177e-01
7.348664146522069984e+01,2.262058554887605155e-01,3.102625057893675375e-01
7.336892399535372533e+01,2.241986439606938886e-01,3.468511429145637592e-01
7.371923475917651558e+01,2.210466675921601842e-01,2.403476397195634107e-01
7.377748206081425053e+01,2.347784430114984722e-01,1.627033356813392118e-01
7.341392390448436345e+01,2.145217108677068829e-01,3.733387047015757076e-01
7.329579458934594527e+01,2.134330106402257954e-01,3.890829122501440196e-01
7.366514598722095286e+01,2.378433066191008860e-01,1.872775830182620282e-01
7.328979898317822972e+01,2.243465018380746134e-01,2.978000512426239865e-01
7.375235194747983769e+01,2.312743597557321007e-01,1.940803344399748553e-01
7.348656995954262072e+01,2.226179655914635458e-01,3.267970807360880414e-01
7.378993519751719532e+01,2.411976665081192184e-01,1.008691589606671712e-01
7.377711235446309956e+01,2.260232738343300463e-01,1.880886329365827336e-01
7.335964499418014384e+01,2.353139610036911467e-01,2.167755271419533614e-01
7.332610935330427537e+01,2.209245570282181714e-01,3.688872075099052239e-01
7.339336723256700168e+01,2.120191280297372416e-01,3.720569524249297544e-01
7.333097422834755719e+01,2.220420824274397797e-01,2.972361061618045142e-01
7.347523432196965132e+01,2.140673607751950314e-01,3.549751528234965647e-01
7.335611388222996254e+01,2.212338045179109702e-01,3.618594083559116825e-01
7.356884358007235392e+01,2.462151496275731821e-01,1.261516268050097977e-01
7.332993954175606177e+01,2.360421872671719379e-01,2.739501591163699956e-01
7.377377714146328458e+01,2.358440157891942002e-01,1.110658335246510475e-01
7.342517994520892444e+01,2.183070594645419582e-01,2.945842675369583219e-01
7.344974498397562002e+01,2.141595124667341199e-01,3.604277259163382041e-01
7.361771885890425438e+01,2.414318653843750273e-01,1.717946520488364825e-01
7.333086852758640362e+01,2.327106057646969317e-01,2.986861105897400392e-01
7.346137486180494136e+01,2.164572767357844374e-01,3.017249167292863632e-01
7.353465246140584100e+01,2.422472808062569039e-01,1.858566820013045628e-01
7.368289352810614901e+01,2.204926394714791238e-01,2.388110627155306531e-01
7.349188472088539470e+01,2.367852824051932259e-01,1.666173364984491201e-01
7.340992751437707398e+01,2.419279423399697537e-01,2.023404301469469146e-01
7.347892321274359517e+01,2.382858789271836419e-01,2.319545343276550042e-01
7.354665876827901627e+01,2.238933550662673688e-01,2.261898966796662691e-01
7.328853482543765097e+01,2.345958092397402439e-01,2.633262315013960020e-01
7.366435697880892519e+01,2.413126730793744568e-01,1.556048296500458505e-01
7.375640381408989299e+01,2.407303524822464735e-01,1.196262056575472243e-01
7.359329415024052423e+01,2.433471052776101928e-01,1.586470785518088178e-01
7.329868607756199594e+01,2.151653916387407384e-01,3.790706781694250793e-01
7.367361406158387638e+01,2.362214741825629238e-01,1.246152054285429855e-01
7.325731337960087330e+01,2.181005634057680276e-01,3.675905525435103627e-01
7.358750437836530978e+01,2.185131365674975179e-01,3.039069236244626993e-01
7.377032033276064737e+01,2.396766467541834589e-01,1.157515602754255468e-01
7.366564529846290554e+01,2.198932527310222818e-01,2.601382157892642155e-01
7.330337113959886608e+01,2.157651534574832886e-01,3.778990038379532734e-01
7.339044442381023714e+01,2.391814428235323475e-01,2.347095433892922856e-01
7.348660711004485790e+01,2.438078184440548302e-01,1.615924882677886032e-01
7.378904935294316658e+01,2.350644139249995768e-01,1.302913961136749066e-01
7.377755508252671746e+01,2.379312981279496364e-01,1.245547809559655050e-01
7.378335216517830020e+01,2.329125515438859595e-01,1.551530767925299870e-01
7.327890209686100320e+01,2.187421169920200359e-01,3.500280058954103879e-01
7.327187521258130687e+01,2.208888738431828425e-01,3.659320109990522596e-01
7.342279574073602078e+01,2.367147175119343749e-01,1.938331065046554613e-01
7.355754008853850223e+01,2.171877820130992953e-01,2.834556946779231978e-01
7.375543962527315500e+01,2.273823343597478897e-01,1.893540731691247814e-01
7.369417795855378017e+01,2.330940235678488626e-01,2.007249734736431535e-01
7.363717646853571352e+01,2.434749455154391062e-01,1.371271518523409227e-01
7.355745954911709816e+01,2.234265020273273061e-01,2.302166990922724921e-01
7.342650690000283475e+01,2.140984184445534344e-01,3.457952864034794516e-01
7.371860909300539788e+01,2.416017002820488313e-01,1.030727199353380641e-01
7.329900742994490770e+01,2.177376787006496672e-01,3.510256459468417134e-01
7.369379361400480377e+01,2.407526271360922177e-01,1.437883055047812775e-01
7.365612978723277138e+01,2.209745351971003635e-01,2.623760563522958833e-01
7.335229504884414098e+01,2.376136014000118368e-01,2.315200476293446386e-01
7.357948849847221595e+01,2.205852315245216966e-01,2.501436628786306571e-01
7.350321534254203470e+01,2.428310388314314228e-01,1.739119012594123603e-01
7.366120723555465588e+01,2.427507562227588789e-01,1.109117135852475400e-01
7.326061823573300558e+01,2.250503610696572288e-01,3.241280677173623559e-01
7.331544023709484748e+01,2.342333327936686194e-01,2.570847204102699735e-01
7.374690849144775484e+01,2.278184648783850852e-01,1.877835730458494723e-01
7.360986887971823478e+01,2.360757258024382965e-01,2.088593360500601293e-01
7.334285304832499719e+01,2.181355195899604138e-01,3.651459103333225542e-01
7.331934213193476069e+01,2.174553787513867076e-01,3.672429329056488001e-01
7.370370410465079658e+01,2.350029992732512174e-01,1.813553457562546711e-01
7.346366427735257787e+01,2.338979958996964259e-01,2.616341462226152714e-01
7.364089638964519224e+01,2.431073063470873818e-01,1.193273422159899511e-01
7.329849926076208533e+01,2.212287874914112551e-01,3.577716530005652373e-01
7.371746723866779405e+01,2.326825502852522265e-01,1.890685369754754319e-01
7.326613294847938107e+01,2.225440017018768812e-01,3.443845339891451474e-01
7.370904423424704532e+01,2.350346817018332535e-01,1.782218583277339619e-01
7.348321508900993138e+01,2.219837153612517766e-01,3.214968816824086417e-01
7.367235771681038159e+01,2.227684745776864483e-01,2.477953361529445786e-01
7.335963595556069095e+01,2.348106080039304155e-01,2.317542548664803803e-01
7.347527604294417358e+01,2.174899844068176880e-01,2.994930498572099253e-01
7.356356350205366823e+01,2.371617087666161305e-01,1.510982290408433570e-01
7.349129884373188304e+01,2.408754765435132672e-01,1.963747783562528326e-01
7.356049334068447365e+01,2.423335632215996294e-01,1.385524450451383061e-01
7.338813869938010725e+01,2.159688246863736005e-01,3.406113819448046698e-01
7.370019316248453833e+01,2.250151943853549164e-01,2.261711771950327687e-01
7.349836943956924529e+01,2.217732061553072953e-01,2.596355877635900811e-01
7.330261428435416349e+01,2.187776030567656627e-01,3.552056268686634155e-01
7.328415976546467903e+01,2.238746120143123020e-01,3.209936601128635658e-01
7.363344261201997654e+01,2.277596410556811390e-01,1.898731986390922444e-01
7.332086475305251838e+01,2.183712995773536003e-01,3.604107054921090736e-01
7.336406259614591363e+01,2.305058599644169148e-01,2.997869143066571596e-01
7.360591121725418873e+01,2.193067085790781912e-01,2.777159300900189365e-01
7.374203853878368875e+01,2.313761686035898935e-01,1.780339459895365906e-01
7.332089627568797141e+01,2.208852525869508809e-01,3.231551888164041486e-01
7.374421241076359479e+01,2.365665356913144446e-01,1.419836579650333164e-01
7.373200845572807793e+01,2.313033405002811183e-01,1.583089351791890920e-01
7.367398724413554589e+01,2.292473201738176036e-01,2.234641688822041061e-01
7.364025347630699514e+01,2.232533856410618134e-01,2.258095193086706587e-01
7.342266841209792005e+01,2.347463818910136280e-01,2.081354727254467463e-01
7.368523074799171013e+01,2.289748670892705340e-01,1.763167734634398798e-01
7.374550021476146355e+01,2.347590080527965084e-01,1.414134326197800107e-01
7.334185246045269935e+01,2.296707836043867246e-01,3.061020572628585512e-01
7.341180222333281336e+01,2.202516470522510317e-01,3.420216475774466858e-01
7.337523045208121175e+01,2.361177351363782928e-01,2.268712144881774861e-01
7.360281412940700818e+01,2.276593337631661607e-01,2.571300439867645338e-01
7.346277066986722559e+01,2.171738028283964339e-01,3.349216830600925121e-01
7.352027698115198007e+01,2.236710316534899212e-01,3.010556123916190430e-01
7.342954453433472395e+01,2.329666994173122951e-01,2.711530569039757310e-01
7.329296158461819743e+01,2.233900051757820859e-01,3.240337316298518289e-01
7.363804354566735810e+01,2.230928806241097018e-01,2.294405828965464522e-01
7.328726710011257239e+01,2.241652200826244334e-01,3.245649236495973256e-01
7.336130625151450602e+01,2.359167530122792122e-01,2.425231846869344565e-01
7.363326099856097073e+01,2.251663714647895720e-01,2.555405806777617528e-01
7.333886638478519160e+01,2.322455735133642507e-01,2.845459056107628726e-01
7.371134799763171941e+01,2.338745247206306666e-01,1.463543162840990064e-01
7.362511901211587428e+01,2.390480338805476279e-01,1.344395360899781622e-01
7.345712919217827164e+01,2.340821691948279659e-01,2.565699524599232006e-01
7.330794449733926399e+01,2.225017163100541373e-01,3.414510837696891343e-01
7.338556210002452929e+01,2.367262265721293557e-01,2.359914389615234143e-01
7.333803709034121709e+01,2.316080697589324722e-01,2.868359330160359377e-01
7.336340278351420352e+01,2.234603531966851409e-01,2.930838250449028237e-01
7.345158291254574578e+01,2.352116648203959881e-01,1.996385084983174352e-01
7.366487005827049472e+01,2.328462019005449468e-01,2.027301342907188442e-01
7.354874308685448625e+01,2.308641590381158848e-01,2.539243070472769759e-01
7.369092983635617600e+01,2.286430346977657846e-01,1.860572141960972203e-01
7.353111795919288340e+01,2.208041180870754516e-01,2.689169144689422808e-01
7.343928830526341756e+01,2.307049049189283940e-01,2.263643605676719517e-01
7.343920985604869145e+01,2.187867278049891728e-01,3.089300559439438487e-01
7.333691193714962253e+01,2.261050830862202377e-01,2.915813176181103472e-01
7.362997415579290816e+01,2.237748086370867084e-01,2.538378429055416774e-01
7.343142420193356656e+01,2.344073688642881181e-01,2.547122972429098908e-01
7.361001416096686967e+01,2.343312781646552101e-01,2.107789803982091925e-01
7.337643310712590505e+01,2.347213507570796998e-01,2.432990558405050407e-01
7.337259240164917173e+01,2.239907349120160707e-01,2.898459845375827015e-01
7.349437724865315147e+01,2.358632026268909776e-01,2.307215215997633351e-01
7.354421803559367277e+01,2.332163525754100963e-01,1.834631860915347801e-01
7.346249335720153795e+01,2.205538987326811362e-01,3.211760885368031282e-01
7.336702390029849141e+01,2.299675734537528493e-01,2.929840928926061849e-01
7.359803454370940301e+01,2.396508097429518314e-01,1.653526776962532807e-01
7.352936295446342285e+01,2.203570630330057289e-01,2.780888651962420965e-01
7.363798935232424014e+01,2.309697449219263177e-01,1.782328380469184737e-01
7.357326661543375224e+01,2.327419556476882367e-01,1.805385300582180719e-01
7.356130770280822162e+01,2.270404448207214709e-01,2.176272051990810752e-01
7.349715353308282317e+01,2.193891038440393404e-01,3.064033530792587001e-01
7.361250121784468092e+01,2.362414146633742829e-01,1.926851465715033740e-01
7.343653029247310826e+01,2.207076605978937900e-01,2.966528834879529342e-01
7.357643139999130710e+01,2.326719048743249307e-01,1.808070439833118215e-01
7.347652102597801616e+01,2.347219795852908408e-01,1.994090957440910472e-01
7.339441380606081111e+01,2.254442029149803239e-01,3.134027306485638320e-01
7.340643798392187591e+01,2.236303324627996747e-01,2.837610827149097403e-01
7.348961938956554718e+01,2.377123687386684947e-01,2.095707212686406251e-01
7.340045789907127016e+01,2.199715038989059068e-01,3.201291274602686698e-01
7.352229800938202686e+01,2.382676762601784737e-01,1.977114511455866364e-01
7.351698083582930110e+01,2.266406664945667393e-01,2.802956512582968074e-01
7.346641262197994138e+01,2.197593407093605955e-01,3.012099603863829245e-01
7.345341865500499523e+01,2.214188246875936350e-01,2.878575000983776278e-01
7.338261157746443075e+01,2.267324360537502081e-01,3.065220752209496524e-01
7.354986725300381067e+01,2.387400209516411242e-01,1.698201413025488549e-01
7.353787954602459820e+01,2.335691808700662842e-01,2.330572898224847478e-01
7.345534838107276698e+01,2.260187272964973015e-01,2.532091357835257739e-01
7.351969903750780588e+01,2.291494214604296031e-01,2.161963762802816547e-01
7.355519075203598334e+01,2.221117448189877108e-01,2.805438727595701565e-01
7.353175193030612888e+01,2.274095588079993457e-01,2.242460941676913677e-01
7.348703588793719632e+01,2.303931681395349207e-01,2.660925814254637700e-01
7.343682233369069934e+01,2.278433947164592854e-01,2.913685749208232423e-01
7.362985735215113436e+01,2.262284870851408725e-01,2.203036996887854926e-01
7.352064501562108489e+01,2.381357618731574644e-01,1.824230642643547284e-01
7.354057443587191756e+01,2.214716713105111534e-01,2.827159061021138342e-01
7.363478312477033683e+01,2.364478587078418514e-01,1.750437989746265188e-01
7.349722275810461269e+01,2.357671155919869033e-01,1.932343038066957064e-01
7.365516282334385778e+01,2.284810819127532089e-01,2.041684127101790480e-01
7.341346717355301621e+01,2.256463084871839775e-01,2.715343872772226774e-01
7.366183588966120510e+01,2.325107511174466235e-01,1.749803965626570701e-01
7.352195026307353487e+01,2.362995733314951774e-01,2.126303726975136144e-01
7.359163184792262768e+01,2.363142380893251404e-01,1.928075130775050994e-01
7.358402665708155155e+01,2.373967511467116875e-01,1.662403799100022894e-01
7.343154229049592630e+01,2.343191624041064680e-01,2.432241164673980549e-01
7.343008802887818831e+01,2.309466521838073327e-01,2.368749892737378460e-01
7.338325713580589138e+01,2.316008531926119773e-01,2.624104515641736413e-01
7.362716619553157216e+01,2.260059102046766688e-01,2.301568800228874778e-01
7.347127386372494584e+01,2.263345041802732049e-01,2.900641585826182478e-01
7.354205329900885602e+01,2.379512020395501692e-01,1.864614763359568883e-01
7.343204977305801151e+01,2.347596530383033175e-01,2.267682279477698515e-01
7.354735900726126374e+01,2.223529894436048204e-01,2.669643635577720886e-01
7.338908620738756383e+01,2.260873571579736785e-01,3.047157833902582880e-01
7.365342198065462753e+01,2.299938792524306164e-01,1.968054774027132581e-01
7.338264855662708896e+01,2.242942526461033370e-01,2.981261327147617379e-01
7.350244269045550993e+01,2.366480036578276769e-01,1.947598130633219071e-01
7.343140729819860724e+01,2.215530318343263971e-01,3.069093083671994293e-01
7.357708000526605474e+01,2.239100462075246656e-01,2.590372560430385107e-01
7.341262548142604771e+01,2.327688617651391401e-01,2.499160260210588902e-01
7.361987313466339344e+01,2.346797129945813187e-01,1.736371359857695751e-01
7.361785264834901454e+01,2.269188980910978592e-01,2.289506504679943433e-01
7.351483840278692128e+01,2.327539851595931408e-01,2.039443681645751738e-01
7.348815761127450230e+01,2.222400386414559448e-01,2.842012003060503389e-01
7.350591791046051071e+01,2.256222077506833401e-01,2.486730758428326027e-01
7.361392249742479521e+01,2.354756382111293511e-01,1.754111538457676644e-01
7.342409458927238575e+01,2.241251925179315319e-01,2.853458374737538605e-01
7.351947942451251095e+01,2.260703793088365832e-01,2.425986928875953907e-01
7.349166575102299248e+01,2.256245789849923578e-01,2.832000087004011846e-01
7.343599595748425202e+01,2.228570407664539899e-01,2.967895805159574962e-01
7.346982523050169789e+01,2.347291846172808727e-01,2.246334196769597114e-01
7.342109541825433894e+01,2.265184872146406292e-01,2.901875631536610101e-01
7.358590978348703970e+01,2.296438966624927691e-01,2.310663767358693832e-01
7.341326368609875885e+01,2.263846803685904407e-01,2.814277406864320596e-01
7.352551751692280391e+01,2.255617186412322284e-01,2.498359331388630977e-01
7.355730001031190568e+01,2.351003524145386381e-01,1.981980810701688966e-01
7.355258015283109785e+01,2.329054874045650980e-01,1.996669816378782158e-01
7.347872564319438027e+01,2.277653398738460899e-01,2.483382391800184052e-01
7.345702709371153105e+01,2.296087512615725412e-01,2.468757914538715070e-01
7.355526045504679189e+01,2.309564668924634079e-01,2.125224665416718395e-01
7.349877162481082848e+01,2.306302927601694697e-01,2.321871207161025907e-01
7.350697333704650305e+01,2.313159520848256101e-01,2.270501847162931242e-01
7.353508796906915279e+01,2.277212390918302853e-01,2.455356418902807647e-01
7.353209098826711454e+01,2.299156550506280539e-01,2.343169171105499160e-01
